#
# There is insufficient memory for the Java Runtime Environment to continue.
# Native memory allocation (mmap) failed to map 603979776 bytes. Error detail: G1 virtual space
# Possible reasons:
#   The system is out of physical RAM or swap space
#   This process is running with CompressedOops enabled, and the Java Heap may be blocking the growth of the native heap
# Possible solutions:
#   Reduce memory load on the system
#   Increase physical memory or swap space
#   Check if swap backing store is full
#   Decrease Java heap size (-Xmx/-Xms)
#   Decrease number of Java threads
#   Decrease Java thread stack sizes (-Xss)
#   Set larger code cache with -XX:ReservedCodeCacheSize=
#   JVM is running with Unscaled Compressed Oops mode in which the Java heap is
#     placed in the first 4GB address space. The Java Heap base address is the
#     maximum limit for the native heap growth. Please use -XX:HeapBaseMinAddress
#     to set the Java Heap base and to place the Java Heap above 4GB virtual address.
# This output file may be truncated or incomplete.
#
#  Out of Memory Error (os_windows.cpp:3713), pid=13296, tid=18632
#
# JRE version: OpenJDK Runtime Environment Temurin-21.0.9+10 (21.0.9+10) (build 21.0.9+10-LTS)
# Java VM: OpenJDK 64-Bit Server VM Temurin-21.0.9+10 (21.0.9+10-LTS, mixed mode, sharing, tiered, compressed oops, compressed class ptrs, g1 gc, windows-amd64)
# No core dump will be written. Minidumps are not enabled by default on client versions of Windows
#

---------------  S U M M A R Y ------------

Command Line: --add-opens=java.base/java.lang=ALL-UNNAMED --add-opens=java.base/java.lang.invoke=ALL-UNNAMED --add-opens=java.base/java.util=ALL-UNNAMED --add-opens=java.prefs/java.util.prefs=ALL-UNNAMED --add-exports=jdk.compiler/com.sun.tools.javac.api=ALL-UNNAMED --add-exports=jdk.compiler/com.sun.tools.javac.util=ALL-UNNAMED --add-opens=java.base/java.util=ALL-UNNAMED --add-opens=java.prefs/java.util.prefs=ALL-UNNAMED --add-opens=java.base/java.nio.charset=ALL-UNNAMED --add-opens=java.base/java.net=ALL-UNNAMED --add-opens=java.base/java.util.concurrent.atomic=ALL-UNNAMED --add-opens=java.xml/javax.xml.namespace=ALL-UNNAMED -Xmx2G -Dfile.encoding=UTF-8 -Duser.country=RU -Duser.language=ru -Duser.variant -javaagent:C:\Users\markm\.gradle\wrapper\dists\gradle-8.14.1-bin\baw1sv0jfoi8rxs14qo3h49cs\gradle-8.14.1\lib\agents\gradle-instrumentation-agent-8.14.1.jar org.gradle.launcher.daemon.bootstrap.GradleDaemon 8.14.1

Host: Intel(R) Core(TM) i7-4710MQ CPU @ 2.50GHz, 8 cores, 9G,  Windows 11 , 64 bit Build 22621 (10.0.22621.5415)
Time: Thu Jun 18 14:14:34 2026 elapsed time: 5043.234520 seconds (0d 1h 24m 3s)

---------------  T H R E A D  ---------------

Current thread (0x00000274b8ab1bb0):  VMThread "VM Thread"          [id=18632, stack(0x000000ff54700000,0x000000ff54800000) (1024K)]

Stack: [0x000000ff54700000,0x000000ff54800000]
Native frames: (J=compiled Java code, j=interpreted, Vv=VM code, C=native code)
V  [jvm.dll+0x6d6e29]
V  [jvm.dll+0x8b4b76]
V  [jvm.dll+0x8b712e]
V  [jvm.dll+0x8b7813]
V  [jvm.dll+0x283d86]
V  [jvm.dll+0x6d3745]
V  [jvm.dll+0x6c747a]
V  [jvm.dll+0x35e7e8]
V  [jvm.dll+0x366426]
V  [jvm.dll+0x3b73fe]
V  [jvm.dll+0x3b76a8]
V  [jvm.dll+0x3329ec]
V  [jvm.dll+0x332a77]
V  [jvm.dll+0x37684c]
V  [jvm.dll+0x374fee]
V  [jvm.dll+0x332131]
V  [jvm.dll+0x37465a]
V  [jvm.dll+0x8bd500]
V  [jvm.dll+0x8be8a4]
V  [jvm.dll+0x8bede0]
V  [jvm.dll+0x8bf083]
V  [jvm.dll+0x85e9ad]
V  [jvm.dll+0x6d565d]
C  [ucrtbase.dll+0x29333]
C  [KERNEL32.DLL+0x1259d]
C  [ntdll.dll+0x5af78]

VM_Operation (0x000000ff58df59e0): G1CollectForAllocation, mode: safepoint, requested by thread 0x0000027483116e10


---------------  P R O C E S S  ---------------

Threads class SMR info:
_java_thread_list=0x0000027480af4e30, length=87, elements={
0x0000027499bf44f0, 0x00000274b8acea70, 0x00000274b8acf8d0, 0x00000274b8ad1590,
0x00000274b8ad5830, 0x00000274b8ad6530, 0x00000274b8ad7670, 0x00000274b8ae3be0,
0x00000274b8ae4950, 0x00000274b8ce94e0, 0x00000274b8d78e50, 0x00000274ff4ac1a0,
0x00000274ff595ff0, 0x00000274ff7a7830, 0x00000274ff666730, 0x00000274ff665380,
0x00000274ff667450, 0x00000274ff664cf0, 0x00000274805ade20, 0x00000274805a7520,
0x00000274805a9c80, 0x00000274805a8f60, 0x00000274805ab6c0, 0x00000274809ee210,
0x00000274809ee8a0, 0x0000027480ad5950, 0x00000274826b6e60, 0x0000027483927ac0,
0x0000027481bde900, 0x0000027483929500, 0x00000274839287e0, 0x0000027483e304d0,
0x0000027481bdf620, 0x0000027481bdfcb0, 0x0000027489100050, 0x0000027481bdef90,
0x0000027489536c10, 0x000002748a3d57e0, 0x000002748a3d4ac0, 0x0000027483928e70,
0x0000027483926080, 0x0000027483926da0, 0x0000027483926710, 0x000002748980ce90,
0x000002748980e8d0, 0x000002748980ef60, 0x000002748c0be710, 0x000002748c0c0150,
0x000002748c0beda0, 0x000002748c0bf430, 0x000002748c0c0e70, 0x000002748c0be080,
0x000002748c0c07e0, 0x00000274813d47c0, 0x00000274813d3410, 0x00000274813d3aa0,
0x00000274813d4130, 0x00000274813d2d80, 0x00000274813d4e50, 0x00000274813d54e0,
0x0000027483667160, 0x00000274836677f0, 0x0000027483116e10, 0x0000027483e311f0,
0x0000027483e2dd70, 0x0000027483e2f7b0, 0x0000027483e2fe40, 0x000002748980d520,
0x000002748980e240, 0x000002748980dbb0, 0x000002748980c170, 0x000002748980c800,
0x00000274b8b5e320, 0x00000274b8b5dc90, 0x00000274b8b5cf70, 0x00000274b8b5fd60,
0x00000274b8b5d600, 0x00000274b8b603f0, 0x00000274831146b0, 0x0000027483115a60,
0x00000274831160f0, 0x0000027483114d40, 0x00000274831153d0, 0x0000027483113990,
0x0000027483116780, 0x0000027483e2e400, 0x0000027483e2ea90
}

Java Threads: ( => current thread )
  0x0000027499bf44f0 JavaThread "main"                              [_thread_blocked, id=20972, stack(0x000000ff54000000,0x000000ff54100000) (1024K)]
  0x00000274b8acea70 JavaThread "Reference Handler"          daemon [_thread_blocked, id=17944, stack(0x000000ff54800000,0x000000ff54900000) (1024K)]
  0x00000274b8acf8d0 JavaThread "Finalizer"                  daemon [_thread_blocked, id=19592, stack(0x000000ff54900000,0x000000ff54a00000) (1024K)]
  0x00000274b8ad1590 JavaThread "Signal Dispatcher"          daemon [_thread_blocked, id=21992, stack(0x000000ff54a00000,0x000000ff54b00000) (1024K)]
  0x00000274b8ad5830 JavaThread "Attach Listener"            daemon [_thread_blocked, id=20832, stack(0x000000ff54b00000,0x000000ff54c00000) (1024K)]
  0x00000274b8ad6530 JavaThread "Service Thread"             daemon [_thread_blocked, id=18544, stack(0x000000ff54c00000,0x000000ff54d00000) (1024K)]
  0x00000274b8ad7670 JavaThread "Monitor Deflation Thread"   daemon [_thread_blocked, id=23940, stack(0x000000ff54d00000,0x000000ff54e00000) (1024K)]
  0x00000274b8ae3be0 JavaThread "C2 CompilerThread0"         daemon [_thread_blocked, id=1472, stack(0x000000ff54e00000,0x000000ff54f00000) (1024K)]
  0x00000274b8ae4950 JavaThread "C1 CompilerThread0"         daemon [_thread_blocked, id=23676, stack(0x000000ff54f00000,0x000000ff55000000) (1024K)]
  0x00000274b8ce94e0 JavaThread "Common-Cleaner"             daemon [_thread_blocked, id=19576, stack(0x000000ff55000000,0x000000ff55100000) (1024K)]
  0x00000274b8d78e50 JavaThread "Notification Thread"        daemon [_thread_blocked, id=18300, stack(0x000000ff55100000,0x000000ff55200000) (1024K)]
  0x00000274ff4ac1a0 JavaThread "Daemon health stats"               [_thread_blocked, id=17960, stack(0x000000ff55600000,0x000000ff55700000) (1024K)]
  0x00000274ff595ff0 JavaThread "Incoming local TCP Connector on port 64300"        [_thread_in_native, id=21732, stack(0x000000ff55a00000,0x000000ff55b00000) (1024K)]
  0x00000274ff7a7830 JavaThread "Daemon periodic checks"            [_thread_blocked, id=10604, stack(0x000000ff55b00000,0x000000ff55c00000) (1024K)]
  0x00000274ff666730 JavaThread "Cache worker for journal cache (C:\Users\markm\.gradle\caches\journal-1)"        [_thread_blocked, id=5340, stack(0x000000ff56300000,0x000000ff56400000) (1024K)]
  0x00000274ff665380 JavaThread "File lock request listener"        [_thread_in_native, id=22404, stack(0x000000ff56400000,0x000000ff56500000) (1024K)]
  0x00000274ff667450 JavaThread "Cache worker for file hash cache (C:\Users\markm\.gradle\caches\8.14.1\fileHashes)"        [_thread_blocked, id=26168, stack(0x000000ff56500000,0x000000ff56600000) (1024K)]
  0x00000274ff664cf0 JavaThread "File watcher server"        daemon [_thread_blocked, id=11776, stack(0x000000ff56900000,0x000000ff56a00000) (1024K)]
  0x00000274805ade20 JavaThread "File watcher consumer"      daemon [_thread_blocked, id=13016, stack(0x000000ff56a00000,0x000000ff56b00000) (1024K)]
  0x00000274805a7520 JavaThread "jar transforms"                    [_thread_blocked, id=25160, stack(0x000000ff56b00000,0x000000ff56c00000) (1024K)]
  0x00000274805a9c80 JavaThread "Cache worker for file content cache (C:\Users\markm\.gradle\caches\8.14.1\fileContent)"        [_thread_blocked, id=17796, stack(0x000000ff56d00000,0x000000ff56e00000) (1024K)]
  0x00000274805a8f60 JavaThread "jar transforms Thread 2"           [_thread_blocked, id=1364, stack(0x000000ff57000000,0x000000ff57100000) (1024K)]
  0x00000274805ab6c0 JavaThread "jar transforms Thread 3"           [_thread_blocked, id=22828, stack(0x000000ff57100000,0x000000ff57200000) (1024K)]
  0x00000274809ee210 JavaThread "Memory manager"                    [_thread_blocked, id=24724, stack(0x000000ff58800000,0x000000ff58900000) (1024K)]
  0x00000274809ee8a0 JavaThread "jar transforms Thread 4"           [_thread_blocked, id=22952, stack(0x000000ff58900000,0x000000ff58a00000) (1024K)]
  0x0000027480ad5950 JavaThread "HttpClient-1-SelectorManager" daemon [_thread_in_native, id=24644, stack(0x000000ff58b00000,0x000000ff58c00000) (1024K)]
  0x00000274826b6e60 JavaThread "Cache worker for Java compile cache (C:\Users\markm\.gradle\caches\8.14.1\javaCompile)"        [_thread_blocked, id=26580, stack(0x000000ff5ad00000,0x000000ff5ae00000) (1024K)]
  0x0000027483927ac0 JavaThread "Daemon Thread 5"                   [_thread_blocked, id=24068, stack(0x000000ff55c00000,0x000000ff55d00000) (1024K)]
  0x0000027481bde900 JavaThread "Handler for socket connection from /127.0.0.1:64300 to /127.0.0.1:52820"        [_thread_in_native, id=16356, stack(0x000000ff55d00000,0x000000ff55e00000) (1024K)]
  0x0000027483929500 JavaThread "Cancel handler"                    [_thread_blocked, id=9616, stack(0x000000ff55e00000,0x000000ff55f00000) (1024K)]
  0x00000274839287e0 JavaThread "Daemon worker Thread 5"            [_thread_blocked, id=3044, stack(0x000000ff55f00000,0x000000ff56000000) (1024K)]
  0x0000027483e304d0 JavaThread "Asynchronous log dispatcher for DefaultDaemonConnection: socket connection from /127.0.0.1:64300 to /127.0.0.1:52820"        [_thread_blocked, id=10000, stack(0x000000ff56000000,0x000000ff56100000) (1024K)]
  0x0000027481bdf620 JavaThread "Stdin handler"                     [_thread_blocked, id=20396, stack(0x000000ff56100000,0x000000ff56200000) (1024K)]
  0x0000027481bdfcb0 JavaThread "Daemon client event forwarder"        [_thread_blocked, id=21444, stack(0x000000ff56200000,0x000000ff56300000) (1024K)]
  0x0000027489100050 JavaThread "Cache worker for file hash cache (C:\Users\markm\Desktop\CopperHeadRsc\.gradle\8.14.1\fileHashes)"        [_thread_blocked, id=5000, stack(0x000000ff56700000,0x000000ff56800000) (1024K)]
  0x0000027481bdef90 JavaThread "Cache worker for Build Output Cleanup Cache (C:\Users\markm\Desktop\CopperHeadRsc\.gradle\buildOutputCleanup)"        [_thread_blocked, id=19852, stack(0x000000ff56800000,0x000000ff56900000) (1024K)]
  0x0000027489536c10 JavaThread "Cache worker for checksums cache (C:\Users\markm\Desktop\CopperHeadRsc\.gradle\8.14.1\checksums)"        [_thread_blocked, id=9688, stack(0x000000ff56c00000,0x000000ff56d00000) (1024K)]
  0x000002748a3d57e0 JavaThread "Cache worker for cache directory md-supplier (C:\Users\markm\.gradle\caches\8.14.1\md-supplier)"        [_thread_blocked, id=14360, stack(0x000000ff56e00000,0x000000ff56f00000) (1024K)]
  0x000002748a3d4ac0 JavaThread "Cache worker for cache directory md-rule (C:\Users\markm\.gradle\caches\8.14.1\md-rule)"        [_thread_blocked, id=18284, stack(0x000000ff56f00000,0x000000ff57000000) (1024K)]
  0x0000027483928e70 JavaThread "Unconstrained build operations"        [_thread_blocked, id=23144, stack(0x000000ff57200000,0x000000ff57300000) (1024K)]
  0x0000027483926080 JavaThread "Unconstrained build operations Thread 2"        [_thread_blocked, id=24136, stack(0x000000ff57300000,0x000000ff57400000) (1024K)]
  0x0000027483926da0 JavaThread "Unconstrained build operations Thread 3"        [_thread_blocked, id=21216, stack(0x000000ff57400000,0x000000ff57500000) (1024K)]
  0x0000027483926710 JavaThread "Unconstrained build operations Thread 4"        [_thread_blocked, id=11944, stack(0x000000ff57500000,0x000000ff57600000) (1024K)]
  0x000002748980ce90 JavaThread "Unconstrained build operations Thread 5"        [_thread_blocked, id=23108, stack(0x000000ff57600000,0x000000ff57700000) (1024K)]
  0x000002748980e8d0 JavaThread "Unconstrained build operations Thread 6"        [_thread_blocked, id=13704, stack(0x000000ff57700000,0x000000ff57800000) (1024K)]
  0x000002748980ef60 JavaThread "Unconstrained build operations Thread 7"        [_thread_blocked, id=6252, stack(0x000000ff57800000,0x000000ff57900000) (1024K)]
  0x000002748c0be710 JavaThread "Unconstrained build operations Thread 8"        [_thread_blocked, id=17704, stack(0x000000ff57900000,0x000000ff57a00000) (1024K)]
  0x000002748c0c0150 JavaThread "Unconstrained build operations Thread 9"        [_thread_blocked, id=20204, stack(0x000000ff57a00000,0x000000ff57b00000) (1024K)]
  0x000002748c0beda0 JavaThread "Unconstrained build operations Thread 10"        [_thread_blocked, id=832, stack(0x000000ff57b00000,0x000000ff57c00000) (1024K)]
  0x000002748c0bf430 JavaThread "Unconstrained build operations Thread 11"        [_thread_blocked, id=19336, stack(0x000000ff57c00000,0x000000ff57d00000) (1024K)]
  0x000002748c0c0e70 JavaThread "Unconstrained build operations Thread 12"        [_thread_blocked, id=17168, stack(0x000000ff57d00000,0x000000ff57e00000) (1024K)]
  0x000002748c0be080 JavaThread "Unconstrained build operations Thread 13"        [_thread_blocked, id=8500, stack(0x000000ff57e00000,0x000000ff57f00000) (1024K)]
  0x000002748c0c07e0 JavaThread "Unconstrained build operations Thread 14"        [_thread_blocked, id=3244, stack(0x000000ff57f00000,0x000000ff58000000) (1024K)]
  0x00000274813d47c0 JavaThread "Problems report writer"            [_thread_blocked, id=17872, stack(0x000000ff58000000,0x000000ff58100000) (1024K)]
  0x00000274813d3410 JavaThread "Unconstrained build operations Thread 15"        [_thread_blocked, id=5328, stack(0x000000ff58100000,0x000000ff58200000) (1024K)]
  0x00000274813d3aa0 JavaThread "Unconstrained build operations Thread 16"        [_thread_blocked, id=18576, stack(0x000000ff58200000,0x000000ff58300000) (1024K)]
  0x00000274813d4130 JavaThread "Unconstrained build operations Thread 17"        [_thread_blocked, id=20616, stack(0x000000ff58300000,0x000000ff58400000) (1024K)]
  0x00000274813d2d80 JavaThread "Unconstrained build operations Thread 18"        [_thread_blocked, id=17648, stack(0x000000ff58400000,0x000000ff58500000) (1024K)]
  0x00000274813d4e50 JavaThread "Unconstrained build operations Thread 19"        [_thread_blocked, id=19820, stack(0x000000ff58500000,0x000000ff58600000) (1024K)]
  0x00000274813d54e0 JavaThread "Unconstrained build operations Thread 20"        [_thread_blocked, id=10464, stack(0x000000ff58600000,0x000000ff58700000) (1024K)]
  0x0000027483667160 JavaThread "Unconstrained build operations Thread 21"        [_thread_blocked, id=23088, stack(0x000000ff58700000,0x000000ff58800000) (1024K)]
  0x00000274836677f0 JavaThread "Unconstrained build operations Thread 22"        [_thread_blocked, id=20240, stack(0x000000ff58a00000,0x000000ff58b00000) (1024K)]
  0x0000027483116e10 JavaThread "included builds"                   [_thread_blocked, id=26048, stack(0x000000ff58d00000,0x000000ff58e00000) (1024K)]
  0x0000027483e311f0 JavaThread "Execution worker"                  [_thread_blocked, id=15520, stack(0x000000ff58e00000,0x000000ff58f00000) (1024K)]
  0x0000027483e2dd70 JavaThread "Execution worker Thread 2"         [_thread_blocked, id=21652, stack(0x000000ff58f00000,0x000000ff59000000) (1024K)]
  0x0000027483e2f7b0 JavaThread "Execution worker Thread 3"         [_thread_blocked, id=5864, stack(0x000000ff59000000,0x000000ff59100000) (1024K)]
  0x0000027483e2fe40 JavaThread "Execution worker Thread 4"         [_thread_blocked, id=9712, stack(0x000000ff59100000,0x000000ff59200000) (1024K)]
  0x000002748980d520 JavaThread "Execution worker Thread 5"         [_thread_blocked, id=26588, stack(0x000000ff59200000,0x000000ff59300000) (1024K)]
  0x000002748980e240 JavaThread "Execution worker Thread 6"         [_thread_blocked, id=19668, stack(0x000000ff59300000,0x000000ff59400000) (1024K)]
  0x000002748980dbb0 JavaThread "Execution worker Thread 7"         [_thread_blocked, id=9452, stack(0x000000ff59400000,0x000000ff59500000) (1024K)]
  0x000002748980c170 JavaThread "Cache worker for execution history cache (C:\Users\markm\Desktop\CopperHeadRsc\.gradle\8.14.1\executionHistory)"        [_thread_blocked, id=7244, stack(0x000000ff59500000,0x000000ff59600000) (1024K)]
  0x000002748980c800 JavaThread "Unconstrained build operations Thread 23"        [_thread_blocked, id=5312, stack(0x000000ff58c00000,0x000000ff58d00000) (1024K)]
  0x00000274b8b5e320 JavaThread "Unconstrained build operations Thread 24"        [_thread_blocked, id=19720, stack(0x000000ff59600000,0x000000ff59700000) (1024K)]
  0x00000274b8b5dc90 JavaThread "Unconstrained build operations Thread 25"        [_thread_blocked, id=17884, stack(0x000000ff59700000,0x000000ff59800000) (1024K)]
  0x00000274b8b5cf70 JavaThread "Unconstrained build operations Thread 26"        [_thread_blocked, id=14420, stack(0x000000ff59800000,0x000000ff59900000) (1024K)]
  0x00000274b8b5fd60 JavaThread "Unconstrained build operations Thread 27"        [_thread_blocked, id=12100, stack(0x000000ff59900000,0x000000ff59a00000) (1024K)]
  0x00000274b8b5d600 JavaThread "Unconstrained build operations Thread 28"        [_thread_blocked, id=22088, stack(0x000000ff59a00000,0x000000ff59b00000) (1024K)]
  0x00000274b8b603f0 JavaThread "Unconstrained build operations Thread 29"        [_thread_blocked, id=25940, stack(0x000000ff59b00000,0x000000ff59c00000) (1024K)]
  0x00000274831146b0 JavaThread "Unconstrained build operations Thread 30"        [_thread_blocked, id=26108, stack(0x000000ff59d00000,0x000000ff59e00000) (1024K)]
  0x0000027483115a60 JavaThread "Unconstrained build operations Thread 31"        [_thread_blocked, id=15260, stack(0x000000ff59e00000,0x000000ff59f00000) (1024K)]
  0x00000274831160f0 JavaThread "Unconstrained build operations Thread 32"        [_thread_blocked, id=18984, stack(0x000000ff59f00000,0x000000ff5a000000) (1024K)]
  0x0000027483114d40 JavaThread "Unconstrained build operations Thread 33"        [_thread_blocked, id=12660, stack(0x000000ff5a000000,0x000000ff5a100000) (1024K)]
  0x00000274831153d0 JavaThread "Unconstrained build operations Thread 34"        [_thread_blocked, id=20320, stack(0x000000ff5a100000,0x000000ff5a200000) (1024K)]
  0x0000027483113990 JavaThread "Unconstrained build operations Thread 35"        [_thread_blocked, id=304, stack(0x000000ff5a200000,0x000000ff5a300000) (1024K)]
  0x0000027483116780 JavaThread "Unconstrained build operations Thread 36"        [_thread_blocked, id=1304, stack(0x000000ff5a300000,0x000000ff5a400000) (1024K)]
  0x0000027483e2e400 JavaThread "Unconstrained build operations Thread 37"        [_thread_blocked, id=15796, stack(0x000000ff5a400000,0x000000ff5a500000) (1024K)]
  0x0000027483e2ea90 JavaThread "Unconstrained build operations Thread 38"        [_thread_blocked, id=9700, stack(0x000000ff5a500000,0x000000ff5a600000) (1024K)]
Total: 87

Other Threads:
=>0x00000274b8ab1bb0 VMThread "VM Thread"                           [id=18632, stack(0x000000ff54700000,0x000000ff54800000) (1024K)]
  0x00000274b8aa12b0 WatcherThread "VM Periodic Task Thread"        [id=11324, stack(0x000000ff54600000,0x000000ff54700000) (1024K)]
  0x000002749be82ec0 WorkerThread "GC Thread#0"                     [id=22368, stack(0x000000ff54100000,0x000000ff54200000) (1024K)]
  0x00000274b8da7e50 WorkerThread "GC Thread#1"                     [id=1848, stack(0x000000ff55200000,0x000000ff55300000) (1024K)]
  0x00000274b8da81f0 WorkerThread "GC Thread#2"                     [id=3544, stack(0x000000ff55300000,0x000000ff55400000) (1024K)]
  0x00000274fea93140 WorkerThread "GC Thread#3"                     [id=22104, stack(0x000000ff55400000,0x000000ff55500000) (1024K)]
  0x00000274fea934e0 WorkerThread "GC Thread#4"                     [id=12280, stack(0x000000ff55500000,0x000000ff55600000) (1024K)]
  0x00000274fe9d87a0 WorkerThread "GC Thread#5"                     [id=17464, stack(0x000000ff55700000,0x000000ff55800000) (1024K)]
  0x00000274ff525160 WorkerThread "GC Thread#6"                     [id=19828, stack(0x000000ff55800000,0x000000ff55900000) (1024K)]
  0x00000274ff579730 WorkerThread "GC Thread#7"                     [id=23896, stack(0x000000ff55900000,0x000000ff55a00000) (1024K)]
  0x000002749be94050 ConcurrentGCThread "G1 Main Marker"            [id=17628, stack(0x000000ff54200000,0x000000ff54300000) (1024K)]
  0x000002749be952f0 WorkerThread "G1 Conc#0"                       [id=2240, stack(0x000000ff54300000,0x000000ff54400000) (1024K)]
  0x0000027481a6b170 WorkerThread "G1 Conc#1"                       [id=26564, stack(0x000000ff56600000,0x000000ff56700000) (1024K)]
  0x000002749beeeb50 ConcurrentGCThread "G1 Refine#0"               [id=8028, stack(0x000000ff54400000,0x000000ff54500000) (1024K)]
  0x00000274b8973960 ConcurrentGCThread "G1 Service"                [id=22056, stack(0x000000ff54500000,0x000000ff54600000) (1024K)]
Total: 15

Threads with active compile tasks:
C2 CompilerThread0  5043339 27756   !   4       lombok.javac.JavacAST::drill (146 bytes)
Total: 1

VM state: at safepoint (normal execution)

VM Mutex/Monitor currently owned by a thread:  ([mutex/lock_event])
[0x00007ff810ced570] Threads_lock - owner thread: 0x00000274b8ab1bb0
[0x00007ff810ced670] Heap_lock - owner thread: 0x0000027483116e10

Heap address: 0x0000000080000000, size: 2048 MB, Compressed Oops mode: 32-bit

CDS archive(s) mapped at: [0x00000274b9000000-0x00000274b9c80000-0x00000274b9c80000), size 13107200, SharedBaseAddress: 0x00000274b9000000, ArchiveRelocationMode: 1.
Compressed class space mapped at: 0x00000274ba000000-0x00000274fa000000, reserved size: 1073741824
Narrow klass base: 0x00000274b9000000, Narrow klass shift: 0, Narrow klass range: 0x100000000

GC Precious Log:
 CardTable entry size: 512
 Card Set container configuration: InlinePtr #cards 5 size 8 Array Of Cards #cards 12 size 40 Howl #buckets 4 coarsen threshold 1843 Howl Bitmap #cards 512 size 80 coarsen threshold 460 Card regions per heap region 1 cards per card region 2048
 CPUs: 8 total, 8 available
 Memory: 10172M
 Large Page Support: Disabled
 NUMA Support: Disabled
 Compressed Oops: Enabled (32-bit)
 Heap Region Size: 1M
 Heap Min Capacity: 8M
 Heap Initial Capacity: 160M
 Heap Max Capacity: 2G
 Pre-touch: Disabled
 Parallel Workers: 8
 Concurrent Workers: 2
 Concurrent Refinement Workers: 8
 Periodic GC: Disabled

Heap:
 garbage-first heap   total 624640K, used 224648K [0x0000000080000000, 0x0000000100000000)
  region size 1024K, 1 young (1024K), 1 survivors (1024K)
 Metaspace       used 95352K, committed 98944K, reserved 1179648K
  class space    used 12219K, committed 14016K, reserved 1048576K

Heap Regions: E=young(eden), S=young(survivor), O=old, HS=humongous(starts), HC=humongous(continues), CS=collection set, F=free, TAMS=top-at-mark-start, PB=parsable bottom
|   0|0x0000000080000000, 0x0000000080100000, 0x0000000080100000|100%|HS|  |TAMS 0x0000000080000000| PB 0x0000000080000000| Complete 
|   1|0x0000000080100000, 0x0000000080200000, 0x0000000080200000|100%|HC|  |TAMS 0x0000000080100000| PB 0x0000000080100000| Complete 
|   2|0x0000000080200000, 0x0000000080300000, 0x0000000080300000|100%|HC|  |TAMS 0x0000000080200000| PB 0x0000000080200000| Complete 
|   3|0x0000000080300000, 0x0000000080400000, 0x0000000080400000|100%| O|  |TAMS 0x0000000080300000| PB 0x0000000080300000| Untracked 
|   4|0x0000000080400000, 0x0000000080500000, 0x0000000080500000|100%| O|  |TAMS 0x0000000080400000| PB 0x0000000080400000| Untracked 
|   5|0x0000000080500000, 0x0000000080600000, 0x0000000080600000|100%| O|  |TAMS 0x0000000080500000| PB 0x0000000080500000| Untracked 
|   6|0x0000000080600000, 0x0000000080700000, 0x0000000080700000|100%|HS|  |TAMS 0x0000000080600000| PB 0x0000000080600000| Complete 
|   7|0x0000000080700000, 0x0000000080800000, 0x0000000080800000|100%| O|  |TAMS 0x0000000080700000| PB 0x0000000080700000| Untracked 
|   8|0x0000000080800000, 0x0000000080900000, 0x0000000080900000|100%| O|  |TAMS 0x0000000080800000| PB 0x0000000080800000| Untracked 
|   9|0x0000000080900000, 0x0000000080a00000, 0x0000000080a00000|100%| O|  |TAMS 0x0000000080900000| PB 0x0000000080900000| Untracked 
|  10|0x0000000080a00000, 0x0000000080b00000, 0x0000000080b00000|100%| O|  |TAMS 0x0000000080a00000| PB 0x0000000080a00000| Untracked 
|  11|0x0000000080b00000, 0x0000000080c00000, 0x0000000080c00000|100%| O|  |TAMS 0x0000000080b00000| PB 0x0000000080b00000| Untracked 
|  12|0x0000000080c00000, 0x0000000080cf8a48, 0x0000000080d00000| 97%| O|  |TAMS 0x0000000080c00000| PB 0x0000000080c00000| Untracked 
|  13|0x0000000080d00000, 0x0000000080e00000, 0x0000000080e00000|100%| O|  |TAMS 0x0000000080d00000| PB 0x0000000080d00000| Untracked 
|  14|0x0000000080e00000, 0x0000000080f00000, 0x0000000080f00000|100%| O|  |TAMS 0x0000000080e00000| PB 0x0000000080e00000| Untracked 
|  15|0x0000000080f00000, 0x0000000081000000, 0x0000000081000000|100%| O|  |TAMS 0x0000000080f00000| PB 0x0000000080f00000| Untracked 
|  16|0x0000000081000000, 0x0000000081100000, 0x0000000081100000|100%| O|  |TAMS 0x0000000081000000| PB 0x0000000081000000| Untracked 
|  17|0x0000000081100000, 0x0000000081200000, 0x0000000081200000|100%| O|  |TAMS 0x0000000081100000| PB 0x0000000081100000| Untracked 
|  18|0x0000000081200000, 0x0000000081300000, 0x0000000081300000|100%| O|  |TAMS 0x0000000081200000| PB 0x0000000081200000| Untracked 
|  19|0x0000000081300000, 0x0000000081400000, 0x0000000081400000|100%| O|  |TAMS 0x0000000081300000| PB 0x0000000081300000| Untracked 
|  20|0x0000000081400000, 0x0000000081500000, 0x0000000081500000|100%| O|  |TAMS 0x0000000081400000| PB 0x0000000081400000| Untracked 
|  21|0x0000000081500000, 0x0000000081600000, 0x0000000081600000|100%| O|  |TAMS 0x0000000081500000| PB 0x0000000081500000| Untracked 
|  22|0x0000000081600000, 0x0000000081700000, 0x0000000081700000|100%| O|  |TAMS 0x0000000081600000| PB 0x0000000081600000| Untracked 
|  23|0x0000000081700000, 0x0000000081800000, 0x0000000081800000|100%| O|  |TAMS 0x0000000081700000| PB 0x0000000081700000| Untracked 
|  24|0x0000000081800000, 0x0000000081900000, 0x0000000081900000|100%| O|  |TAMS 0x0000000081800000| PB 0x0000000081800000| Untracked 
|  25|0x0000000081900000, 0x0000000081a00000, 0x0000000081a00000|100%| O|  |TAMS 0x0000000081900000| PB 0x0000000081900000| Untracked 
|  26|0x0000000081a00000, 0x0000000081b00000, 0x0000000081b00000|100%| O|  |TAMS 0x0000000081a00000| PB 0x0000000081a00000| Untracked 
|  27|0x0000000081b00000, 0x0000000081c00000, 0x0000000081c00000|100%| O|  |TAMS 0x0000000081b00000| PB 0x0000000081b00000| Untracked 
|  28|0x0000000081c00000, 0x0000000081d00000, 0x0000000081d00000|100%| O|  |TAMS 0x0000000081c00000| PB 0x0000000081c00000| Untracked 
|  29|0x0000000081d00000, 0x0000000081e00000, 0x0000000081e00000|100%| O|  |TAMS 0x0000000081d00000| PB 0x0000000081d00000| Untracked 
|  30|0x0000000081e00000, 0x0000000081f00000, 0x0000000081f00000|100%| O|  |TAMS 0x0000000081e00000| PB 0x0000000081e00000| Untracked 
|  31|0x0000000081f00000, 0x0000000082000000, 0x0000000082000000|100%| O|  |TAMS 0x0000000081f00000| PB 0x0000000081f00000| Untracked 
|  32|0x0000000082000000, 0x0000000082100000, 0x0000000082100000|100%| O|  |TAMS 0x0000000082000000| PB 0x0000000082000000| Untracked 
|  33|0x0000000082100000, 0x0000000082200000, 0x0000000082200000|100%| O|  |TAMS 0x0000000082100000| PB 0x0000000082100000| Untracked 
|  34|0x0000000082200000, 0x0000000082300000, 0x0000000082300000|100%| O|  |TAMS 0x0000000082200000| PB 0x0000000082200000| Untracked 
|  35|0x0000000082300000, 0x0000000082400000, 0x0000000082400000|100%| O|  |TAMS 0x0000000082300000| PB 0x0000000082300000| Untracked 
|  36|0x0000000082400000, 0x0000000082500000, 0x0000000082500000|100%| O|  |TAMS 0x0000000082400000| PB 0x0000000082400000| Untracked 
|  37|0x0000000082500000, 0x0000000082600000, 0x0000000082600000|100%| O|  |TAMS 0x0000000082500000| PB 0x0000000082500000| Untracked 
|  38|0x0000000082600000, 0x0000000082700000, 0x0000000082700000|100%| O|  |TAMS 0x0000000082600000| PB 0x0000000082600000| Untracked 
|  39|0x0000000082700000, 0x0000000082800000, 0x0000000082800000|100%| O|  |TAMS 0x0000000082700000| PB 0x0000000082700000| Untracked 
|  40|0x0000000082800000, 0x0000000082900000, 0x0000000082900000|100%| O|  |TAMS 0x0000000082800000| PB 0x0000000082800000| Untracked 
|  41|0x0000000082900000, 0x0000000082a00000, 0x0000000082a00000|100%| O|  |TAMS 0x0000000082900000| PB 0x0000000082900000| Untracked 
|  42|0x0000000082a00000, 0x0000000082b00000, 0x0000000082b00000|100%| O|  |TAMS 0x0000000082a00000| PB 0x0000000082a00000| Untracked 
|  43|0x0000000082b00000, 0x0000000082c00000, 0x0000000082c00000|100%| O|  |TAMS 0x0000000082b00000| PB 0x0000000082b00000| Untracked 
|  44|0x0000000082c00000, 0x0000000082d00000, 0x0000000082d00000|100%| O|  |TAMS 0x0000000082c00000| PB 0x0000000082c00000| Untracked 
|  45|0x0000000082d00000, 0x0000000082e00000, 0x0000000082e00000|100%|HS|  |TAMS 0x0000000082d00000| PB 0x0000000082d00000| Complete 
|  46|0x0000000082e00000, 0x0000000082f00000, 0x0000000082f00000|100%| O|  |TAMS 0x0000000082e00000| PB 0x0000000082e00000| Untracked 
|  47|0x0000000082f00000, 0x0000000083000000, 0x0000000083000000|100%| O|  |TAMS 0x0000000082f00000| PB 0x0000000082f00000| Untracked 
|  48|0x0000000083000000, 0x0000000083100000, 0x0000000083100000|100%| O|  |TAMS 0x0000000083000000| PB 0x0000000083000000| Untracked 
|  49|0x0000000083100000, 0x0000000083200000, 0x0000000083200000|100%| O|  |TAMS 0x0000000083100000| PB 0x0000000083100000| Untracked 
|  50|0x0000000083200000, 0x0000000083300000, 0x0000000083300000|100%| O|  |TAMS 0x0000000083200000| PB 0x0000000083200000| Untracked 
|  51|0x0000000083300000, 0x0000000083400000, 0x0000000083400000|100%| O|  |TAMS 0x0000000083300000| PB 0x0000000083300000| Untracked 
|  52|0x0000000083400000, 0x0000000083500000, 0x0000000083500000|100%| O|  |TAMS 0x0000000083400000| PB 0x0000000083400000| Untracked 
|  53|0x0000000083500000, 0x0000000083600000, 0x0000000083600000|100%| O|  |TAMS 0x0000000083500000| PB 0x0000000083500000| Untracked 
|  54|0x0000000083600000, 0x0000000083700000, 0x0000000083700000|100%| O|  |TAMS 0x0000000083600000| PB 0x0000000083600000| Untracked 
|  55|0x0000000083700000, 0x0000000083800000, 0x0000000083800000|100%| O|  |TAMS 0x0000000083700000| PB 0x0000000083700000| Untracked 
|  56|0x0000000083800000, 0x0000000083900000, 0x0000000083900000|100%| O|  |TAMS 0x0000000083800000| PB 0x0000000083800000| Untracked 
|  57|0x0000000083900000, 0x0000000083a00000, 0x0000000083a00000|100%| O|  |TAMS 0x0000000083900000| PB 0x0000000083900000| Untracked 
|  58|0x0000000083a00000, 0x0000000083b00000, 0x0000000083b00000|100%| O|  |TAMS 0x0000000083a00000| PB 0x0000000083a00000| Untracked 
|  59|0x0000000083b00000, 0x0000000083c00000, 0x0000000083c00000|100%| O|  |TAMS 0x0000000083b00000| PB 0x0000000083b00000| Untracked 
|  60|0x0000000083c00000, 0x0000000083d00000, 0x0000000083d00000|100%| O|  |TAMS 0x0000000083c00000| PB 0x0000000083c00000| Untracked 
|  61|0x0000000083d00000, 0x0000000083e00000, 0x0000000083e00000|100%| O|  |TAMS 0x0000000083d00000| PB 0x0000000083d00000| Untracked 
|  62|0x0000000083e00000, 0x0000000083f00000, 0x0000000083f00000|100%| O|  |TAMS 0x0000000083e00000| PB 0x0000000083e00000| Untracked 
|  63|0x0000000083f00000, 0x0000000084000000, 0x0000000084000000|100%| O|  |TAMS 0x0000000083f00000| PB 0x0000000083f00000| Untracked 
|  64|0x0000000084000000, 0x0000000084100000, 0x0000000084100000|100%| O|  |TAMS 0x0000000084000000| PB 0x0000000084000000| Untracked 
|  65|0x0000000084100000, 0x0000000084200000, 0x0000000084200000|100%| O|  |TAMS 0x0000000084100000| PB 0x0000000084100000| Untracked 
|  66|0x0000000084200000, 0x0000000084300000, 0x0000000084300000|100%| O|  |TAMS 0x0000000084200000| PB 0x0000000084200000| Untracked 
|  67|0x0000000084300000, 0x0000000084400000, 0x0000000084400000|100%| O|  |TAMS 0x0000000084300000| PB 0x0000000084300000| Untracked 
|  68|0x0000000084400000, 0x0000000084500000, 0x0000000084500000|100%| O|  |TAMS 0x0000000084400000| PB 0x0000000084400000| Untracked 
|  69|0x0000000084500000, 0x0000000084600000, 0x0000000084600000|100%| O|  |TAMS 0x0000000084500000| PB 0x0000000084500000| Untracked 
|  70|0x0000000084600000, 0x0000000084700000, 0x0000000084700000|100%| O|  |TAMS 0x0000000084600000| PB 0x0000000084600000| Untracked 
|  71|0x0000000084700000, 0x0000000084800000, 0x0000000084800000|100%| O|  |TAMS 0x0000000084700000| PB 0x0000000084700000| Untracked 
|  72|0x0000000084800000, 0x0000000084900000, 0x0000000084900000|100%| O|  |TAMS 0x0000000084800000| PB 0x0000000084800000| Untracked 
|  73|0x0000000084900000, 0x0000000084a00000, 0x0000000084a00000|100%| O|  |TAMS 0x0000000084900000| PB 0x0000000084900000| Untracked 
|  74|0x0000000084a00000, 0x0000000084b00000, 0x0000000084b00000|100%| O|  |TAMS 0x0000000084a00000| PB 0x0000000084a00000| Untracked 
|  75|0x0000000084b00000, 0x0000000084c00000, 0x0000000084c00000|100%| O|  |TAMS 0x0000000084b00000| PB 0x0000000084b00000| Untracked 
|  76|0x0000000084c00000, 0x0000000084d00000, 0x0000000084d00000|100%| O|  |TAMS 0x0000000084c00000| PB 0x0000000084c00000| Untracked 
|  77|0x0000000084d00000, 0x0000000084e00000, 0x0000000084e00000|100%| O|Cm|TAMS 0x0000000084d00000| PB 0x0000000084d00000| Complete 
|  78|0x0000000084e00000, 0x0000000084e80000, 0x0000000084f00000| 50%| O|  |TAMS 0x0000000084e00000| PB 0x0000000084e00000| Untracked 
|  79|0x0000000084f00000, 0x0000000085000000, 0x0000000085000000|100%| O|  |TAMS 0x0000000084f00000| PB 0x0000000084f00000| Untracked 
|  80|0x0000000085000000, 0x0000000085100000, 0x0000000085100000|100%| O|  |TAMS 0x0000000085000000| PB 0x0000000085000000| Untracked 
|  81|0x0000000085100000, 0x0000000085200000, 0x0000000085200000|100%| O|Cm|TAMS 0x0000000085100000| PB 0x0000000085100000| Complete 
|  82|0x0000000085200000, 0x0000000085300000, 0x0000000085300000|100%| O|  |TAMS 0x0000000085200000| PB 0x0000000085200000| Untracked 
|  83|0x0000000085300000, 0x0000000085400000, 0x0000000085400000|100%| O|  |TAMS 0x0000000085300000| PB 0x0000000085300000| Untracked 
|  84|0x0000000085400000, 0x0000000085500000, 0x0000000085500000|100%| O|Cm|TAMS 0x0000000085400000| PB 0x0000000085400000| Complete 
|  85|0x0000000085500000, 0x0000000085600000, 0x0000000085600000|100%| O|  |TAMS 0x0000000085500000| PB 0x0000000085500000| Untracked 
|  86|0x0000000085600000, 0x0000000085700000, 0x0000000085700000|100%| O|  |TAMS 0x0000000085600000| PB 0x0000000085600000| Untracked 
|  87|0x0000000085700000, 0x0000000085800000, 0x0000000085800000|100%| O|  |TAMS 0x0000000085700000| PB 0x0000000085700000| Untracked 
|  88|0x0000000085800000, 0x0000000085900000, 0x0000000085900000|100%| O|  |TAMS 0x0000000085800000| PB 0x0000000085800000| Untracked 
|  89|0x0000000085900000, 0x0000000085a00000, 0x0000000085a00000|100%| O|  |TAMS 0x0000000085900000| PB 0x0000000085900000| Untracked 
|  90|0x0000000085a00000, 0x0000000085a00000, 0x0000000085b00000|  0%| F|  |TAMS 0x0000000085a00000| PB 0x0000000085a00000| Untracked 
|  91|0x0000000085b00000, 0x0000000085b00000, 0x0000000085c00000|  0%| F|  |TAMS 0x0000000085b00000| PB 0x0000000085b00000| Untracked 
|  92|0x0000000085c00000, 0x0000000085d00000, 0x0000000085d00000|100%| O|  |TAMS 0x0000000085c00000| PB 0x0000000085c00000| Untracked 
|  93|0x0000000085d00000, 0x0000000085e00000, 0x0000000085e00000|100%| O|  |TAMS 0x0000000085d00000| PB 0x0000000085d00000| Untracked 
|  94|0x0000000085e00000, 0x0000000085f00000, 0x0000000085f00000|100%| O|  |TAMS 0x0000000085e00000| PB 0x0000000085e00000| Untracked 
|  95|0x0000000085f00000, 0x0000000086000000, 0x0000000086000000|100%| O|  |TAMS 0x0000000085f00000| PB 0x0000000085f00000| Untracked 
|  96|0x0000000086000000, 0x0000000086100000, 0x0000000086100000|100%| O|  |TAMS 0x0000000086000000| PB 0x0000000086000000| Untracked 
|  97|0x0000000086100000, 0x0000000086200000, 0x0000000086200000|100%| O|  |TAMS 0x0000000086100000| PB 0x0000000086100000| Untracked 
|  98|0x0000000086200000, 0x0000000086300000, 0x0000000086300000|100%| O|  |TAMS 0x0000000086200000| PB 0x0000000086200000| Untracked 
|  99|0x0000000086300000, 0x0000000086400000, 0x0000000086400000|100%|HS|  |TAMS 0x0000000086300000| PB 0x0000000086300000| Complete 
| 100|0x0000000086400000, 0x0000000086500000, 0x0000000086500000|100%|HC|  |TAMS 0x0000000086400000| PB 0x0000000086400000| Complete 
| 101|0x0000000086500000, 0x0000000086600000, 0x0000000086600000|100%| O|  |TAMS 0x0000000086500000| PB 0x0000000086500000| Untracked 
| 102|0x0000000086600000, 0x0000000086700000, 0x0000000086700000|100%| O|  |TAMS 0x0000000086600000| PB 0x0000000086600000| Untracked 
| 103|0x0000000086700000, 0x0000000086800000, 0x0000000086800000|100%| O|  |TAMS 0x0000000086700000| PB 0x0000000086700000| Untracked 
| 104|0x0000000086800000, 0x0000000086900000, 0x0000000086900000|100%| O|  |TAMS 0x0000000086800000| PB 0x0000000086800000| Untracked 
| 105|0x0000000086900000, 0x0000000086a00000, 0x0000000086a00000|100%| O|  |TAMS 0x0000000086900000| PB 0x0000000086900000| Untracked 
| 106|0x0000000086a00000, 0x0000000086b00000, 0x0000000086b00000|100%| O|  |TAMS 0x0000000086a00000| PB 0x0000000086a00000| Untracked 
| 107|0x0000000086b00000, 0x0000000086c00000, 0x0000000086c00000|100%| O|  |TAMS 0x0000000086b00000| PB 0x0000000086b00000| Untracked 
| 108|0x0000000086c00000, 0x0000000086d00000, 0x0000000086d00000|100%| O|Cm|TAMS 0x0000000086c00000| PB 0x0000000086c00000| Complete 
| 109|0x0000000086d00000, 0x0000000086e00000, 0x0000000086e00000|100%| O|Cm|TAMS 0x0000000086d00000| PB 0x0000000086d00000| Complete 
| 110|0x0000000086e00000, 0x0000000086f00000, 0x0000000086f00000|100%| O|Cm|TAMS 0x0000000086e00000| PB 0x0000000086e00000| Complete 
| 111|0x0000000086f00000, 0x0000000087000000, 0x0000000087000000|100%| O|  |TAMS 0x0000000086f00000| PB 0x0000000086f00000| Untracked 
| 112|0x0000000087000000, 0x0000000087100000, 0x0000000087100000|100%| O|  |TAMS 0x0000000087000000| PB 0x0000000087000000| Untracked 
| 113|0x0000000087100000, 0x0000000087200000, 0x0000000087200000|100%| O|  |TAMS 0x0000000087100000| PB 0x0000000087100000| Untracked 
| 114|0x0000000087200000, 0x0000000087300000, 0x0000000087300000|100%| O|  |TAMS 0x0000000087200000| PB 0x0000000087200000| Untracked 
| 115|0x0000000087300000, 0x0000000087400000, 0x0000000087400000|100%| O|  |TAMS 0x0000000087300000| PB 0x0000000087300000| Untracked 
| 116|0x0000000087400000, 0x0000000087500000, 0x0000000087500000|100%| O|Cm|TAMS 0x0000000087400000| PB 0x0000000087400000| Complete 
| 117|0x0000000087500000, 0x0000000087600000, 0x0000000087600000|100%| O|  |TAMS 0x0000000087500000| PB 0x0000000087500000| Untracked 
| 118|0x0000000087600000, 0x0000000087700000, 0x0000000087700000|100%| O|Cm|TAMS 0x0000000087600000| PB 0x0000000087600000| Complete 
| 119|0x0000000087700000, 0x0000000087700000, 0x0000000087800000|  0%| F|  |TAMS 0x0000000087700000| PB 0x0000000087700000| Untracked 
| 120|0x0000000087800000, 0x0000000087900000, 0x0000000087900000|100%| O|  |TAMS 0x0000000087800000| PB 0x0000000087800000| Untracked 
| 121|0x0000000087900000, 0x0000000087a00000, 0x0000000087a00000|100%| O|  |TAMS 0x0000000087900000| PB 0x0000000087900000| Untracked 
| 122|0x0000000087a00000, 0x0000000087b00000, 0x0000000087b00000|100%| O|Cm|TAMS 0x0000000087a00000| PB 0x0000000087a00000| Complete 
| 123|0x0000000087b00000, 0x0000000087b00000, 0x0000000087c00000|  0%| F|  |TAMS 0x0000000087b00000| PB 0x0000000087b00000| Untracked 
| 124|0x0000000087c00000, 0x0000000087d00000, 0x0000000087d00000|100%| O|Cm|TAMS 0x0000000087c00000| PB 0x0000000087c00000| Complete 
| 125|0x0000000087d00000, 0x0000000087e00000, 0x0000000087e00000|100%| O|  |TAMS 0x0000000087d00000| PB 0x0000000087d00000| Untracked 
| 126|0x0000000087e00000, 0x0000000087f00000, 0x0000000087f00000|100%| O|Cm|TAMS 0x0000000087e00000| PB 0x0000000087e00000| Complete 
| 127|0x0000000087f00000, 0x0000000088000000, 0x0000000088000000|100%| O|Cm|TAMS 0x0000000087f00000| PB 0x0000000087f00000| Complete 
| 128|0x0000000088000000, 0x0000000088100000, 0x0000000088100000|100%| O|Cm|TAMS 0x0000000088000000| PB 0x0000000088000000| Complete 
| 129|0x0000000088100000, 0x0000000088200000, 0x0000000088200000|100%| O|Cm|TAMS 0x0000000088100000| PB 0x0000000088100000| Complete 
| 130|0x0000000088200000, 0x0000000088300000, 0x0000000088300000|100%| O|  |TAMS 0x0000000088200000| PB 0x0000000088200000| Untracked 
| 131|0x0000000088300000, 0x0000000088400000, 0x0000000088400000|100%| O|Cm|TAMS 0x0000000088300000| PB 0x0000000088300000| Complete 
| 132|0x0000000088400000, 0x0000000088500000, 0x0000000088500000|100%| O|  |TAMS 0x0000000088400000| PB 0x0000000088400000| Untracked 
| 133|0x0000000088500000, 0x0000000088600000, 0x0000000088600000|100%| O|Cm|TAMS 0x0000000088500000| PB 0x0000000088500000| Complete 
| 134|0x0000000088600000, 0x0000000088700000, 0x0000000088700000|100%|HS|  |TAMS 0x0000000088600000| PB 0x0000000088600000| Complete 
| 135|0x0000000088700000, 0x0000000088800000, 0x0000000088800000|100%|HC|  |TAMS 0x0000000088700000| PB 0x0000000088700000| Complete 
| 136|0x0000000088800000, 0x0000000088900000, 0x0000000088900000|100%|HC|  |TAMS 0x0000000088800000| PB 0x0000000088800000| Complete 
| 137|0x0000000088900000, 0x0000000088a00000, 0x0000000088a00000|100%|HC|  |TAMS 0x0000000088900000| PB 0x0000000088900000| Complete 
| 138|0x0000000088a00000, 0x0000000088b00000, 0x0000000088b00000|100%| O|Cm|TAMS 0x0000000088a00000| PB 0x0000000088a00000| Complete 
| 139|0x0000000088b00000, 0x0000000088c00000, 0x0000000088c00000|100%| O|  |TAMS 0x0000000088b00000| PB 0x0000000088b00000| Untracked 
| 140|0x0000000088c00000, 0x0000000088d00000, 0x0000000088d00000|100%| O|  |TAMS 0x0000000088c00000| PB 0x0000000088c00000| Untracked 
| 141|0x0000000088d00000, 0x0000000088e00000, 0x0000000088e00000|100%| O|Cm|TAMS 0x0000000088d00000| PB 0x0000000088d00000| Complete 
| 142|0x0000000088e00000, 0x0000000088f00000, 0x0000000088f00000|100%| O|Cm|TAMS 0x0000000088e00000| PB 0x0000000088e00000| Complete 
| 143|0x0000000088f00000, 0x0000000089000000, 0x0000000089000000|100%| O|Cm|TAMS 0x0000000088f00000| PB 0x0000000088f00000| Complete 
| 144|0x0000000089000000, 0x0000000089100000, 0x0000000089100000|100%| O|Cm|TAMS 0x0000000089000000| PB 0x0000000089000000| Complete 
| 145|0x0000000089100000, 0x0000000089100000, 0x0000000089200000|  0%| F|  |TAMS 0x0000000089100000| PB 0x0000000089100000| Untracked 
| 146|0x0000000089200000, 0x0000000089300000, 0x0000000089300000|100%| O|Cm|TAMS 0x0000000089200000| PB 0x0000000089200000| Complete 
| 147|0x0000000089300000, 0x0000000089400000, 0x0000000089400000|100%| O|  |TAMS 0x0000000089300000| PB 0x0000000089300000| Untracked 
| 148|0x0000000089400000, 0x0000000089500000, 0x0000000089500000|100%| O|  |TAMS 0x0000000089400000| PB 0x0000000089400000| Untracked 
| 149|0x0000000089500000, 0x0000000089500000, 0x0000000089600000|  0%| F|  |TAMS 0x0000000089500000| PB 0x0000000089500000| Untracked 
| 150|0x0000000089600000, 0x0000000089700000, 0x0000000089700000|100%| O|  |TAMS 0x0000000089600000| PB 0x0000000089600000| Untracked 
| 151|0x0000000089700000, 0x0000000089800000, 0x0000000089800000|100%| O|  |TAMS 0x0000000089700000| PB 0x0000000089700000| Untracked 
| 152|0x0000000089800000, 0x0000000089900000, 0x0000000089900000|100%| O|Cm|TAMS 0x0000000089800000| PB 0x0000000089800000| Complete 
| 153|0x0000000089900000, 0x0000000089a00000, 0x0000000089a00000|100%| O|  |TAMS 0x0000000089900000| PB 0x0000000089900000| Untracked 
| 154|0x0000000089a00000, 0x0000000089b00000, 0x0000000089b00000|100%| O|Cm|TAMS 0x0000000089a00000| PB 0x0000000089a00000| Complete 
| 155|0x0000000089b00000, 0x0000000089c00000, 0x0000000089c00000|100%| O|  |TAMS 0x0000000089b00000| PB 0x0000000089b00000| Untracked 
| 156|0x0000000089c00000, 0x0000000089d00000, 0x0000000089d00000|100%| O|  |TAMS 0x0000000089c00000| PB 0x0000000089c00000| Untracked 
| 157|0x0000000089d00000, 0x0000000089e00000, 0x0000000089e00000|100%| O|Cm|TAMS 0x0000000089d00000| PB 0x0000000089d00000| Complete 
| 158|0x0000000089e00000, 0x0000000089f00000, 0x0000000089f00000|100%| O|Cm|TAMS 0x0000000089e00000| PB 0x0000000089e00000| Complete 
| 159|0x0000000089f00000, 0x0000000089f00000, 0x000000008a000000|  0%| F|  |TAMS 0x0000000089f00000| PB 0x0000000089f00000| Untracked 
| 160|0x000000008a000000, 0x000000008a100000, 0x000000008a100000|100%| O|  |TAMS 0x000000008a000000| PB 0x000000008a000000| Untracked 
| 161|0x000000008a100000, 0x000000008a200000, 0x000000008a200000|100%| O|Cm|TAMS 0x000000008a100000| PB 0x000000008a100000| Complete 
| 162|0x000000008a200000, 0x000000008a300000, 0x000000008a300000|100%| O|  |TAMS 0x000000008a200000| PB 0x000000008a200000| Untracked 
| 163|0x000000008a300000, 0x000000008a400000, 0x000000008a400000|100%| O|Cm|TAMS 0x000000008a300000| PB 0x000000008a300000| Complete 
| 164|0x000000008a400000, 0x000000008a500000, 0x000000008a500000|100%| O|  |TAMS 0x000000008a400000| PB 0x000000008a400000| Untracked 
| 165|0x000000008a500000, 0x000000008a500000, 0x000000008a600000|  0%| F|  |TAMS 0x000000008a500000| PB 0x000000008a500000| Untracked 
| 166|0x000000008a600000, 0x000000008a700000, 0x000000008a700000|100%| O|Cm|TAMS 0x000000008a600000| PB 0x000000008a600000| Complete 
| 167|0x000000008a700000, 0x000000008a800000, 0x000000008a800000|100%| O|Cm|TAMS 0x000000008a700000| PB 0x000000008a700000| Complete 
| 168|0x000000008a800000, 0x000000008a900000, 0x000000008a900000|100%| O|  |TAMS 0x000000008a800000| PB 0x000000008a800000| Untracked 
| 169|0x000000008a900000, 0x000000008a900000, 0x000000008aa00000|  0%| F|  |TAMS 0x000000008a900000| PB 0x000000008a900000| Untracked 
| 170|0x000000008aa00000, 0x000000008ab00000, 0x000000008ab00000|100%| O|  |TAMS 0x000000008aa00000| PB 0x000000008aa00000| Untracked 
| 171|0x000000008ab00000, 0x000000008ab00000, 0x000000008ac00000|  0%| F|  |TAMS 0x000000008ab00000| PB 0x000000008ab00000| Untracked 
| 172|0x000000008ac00000, 0x000000008ac00000, 0x000000008ad00000|  0%| F|  |TAMS 0x000000008ac00000| PB 0x000000008ac00000| Untracked 
| 173|0x000000008ad00000, 0x000000008ae00000, 0x000000008ae00000|100%| O|Cm|TAMS 0x000000008ad00000| PB 0x000000008ad00000| Complete 
| 174|0x000000008ae00000, 0x000000008af00000, 0x000000008af00000|100%| O|  |TAMS 0x000000008ae00000| PB 0x000000008ae00000| Untracked 
| 175|0x000000008af00000, 0x000000008b000000, 0x000000008b000000|100%| O|  |TAMS 0x000000008af00000| PB 0x000000008af00000| Untracked 
| 176|0x000000008b000000, 0x000000008b000000, 0x000000008b100000|  0%| F|  |TAMS 0x000000008b000000| PB 0x000000008b000000| Untracked 
| 177|0x000000008b100000, 0x000000008b200000, 0x000000008b200000|100%| O|Cm|TAMS 0x000000008b100000| PB 0x000000008b100000| Complete 
| 178|0x000000008b200000, 0x000000008b200000, 0x000000008b300000|  0%| F|  |TAMS 0x000000008b200000| PB 0x000000008b200000| Untracked 
| 179|0x000000008b300000, 0x000000008b400000, 0x000000008b400000|100%| O|Cm|TAMS 0x000000008b300000| PB 0x000000008b300000| Complete 
| 180|0x000000008b400000, 0x000000008b500000, 0x000000008b500000|100%| O|Cm|TAMS 0x000000008b400000| PB 0x000000008b400000| Complete 
| 181|0x000000008b500000, 0x000000008b500000, 0x000000008b600000|  0%| F|  |TAMS 0x000000008b500000| PB 0x000000008b500000| Untracked 
| 182|0x000000008b600000, 0x000000008b600000, 0x000000008b700000|  0%| F|  |TAMS 0x000000008b600000| PB 0x000000008b600000| Untracked 
| 183|0x000000008b700000, 0x000000008b700000, 0x000000008b800000|  0%| F|  |TAMS 0x000000008b700000| PB 0x000000008b700000| Untracked 
| 184|0x000000008b800000, 0x000000008b800000, 0x000000008b900000|  0%| F|  |TAMS 0x000000008b800000| PB 0x000000008b800000| Untracked 
| 185|0x000000008b900000, 0x000000008b900000, 0x000000008ba00000|  0%| F|  |TAMS 0x000000008b900000| PB 0x000000008b900000| Untracked 
| 186|0x000000008ba00000, 0x000000008ba00000, 0x000000008bb00000|  0%| F|  |TAMS 0x000000008ba00000| PB 0x000000008ba00000| Untracked 
| 187|0x000000008bb00000, 0x000000008bb00000, 0x000000008bc00000|  0%| F|  |TAMS 0x000000008bb00000| PB 0x000000008bb00000| Untracked 
| 188|0x000000008bc00000, 0x000000008bc00000, 0x000000008bd00000|  0%| F|  |TAMS 0x000000008bc00000| PB 0x000000008bc00000| Untracked 
| 189|0x000000008bd00000, 0x000000008bd00000, 0x000000008be00000|  0%| F|  |TAMS 0x000000008bd00000| PB 0x000000008bd00000| Untracked 
| 190|0x000000008be00000, 0x000000008bf00000, 0x000000008bf00000|100%| O|Cm|TAMS 0x000000008be00000| PB 0x000000008be00000| Complete 
| 191|0x000000008bf00000, 0x000000008c000000, 0x000000008c000000|100%| O|  |TAMS 0x000000008bf00000| PB 0x000000008bf00000| Untracked 
| 192|0x000000008c000000, 0x000000008c100000, 0x000000008c100000|100%| O|  |TAMS 0x000000008c000000| PB 0x000000008c000000| Untracked 
| 193|0x000000008c100000, 0x000000008c200000, 0x000000008c200000|100%|HS|  |TAMS 0x000000008c100000| PB 0x000000008c100000| Complete 
| 194|0x000000008c200000, 0x000000008c300000, 0x000000008c300000|100%|HC|  |TAMS 0x000000008c200000| PB 0x000000008c200000| Complete 
| 195|0x000000008c300000, 0x000000008c300000, 0x000000008c400000|  0%| F|  |TAMS 0x000000008c300000| PB 0x000000008c300000| Untracked 
| 196|0x000000008c400000, 0x000000008c400000, 0x000000008c500000|  0%| F|  |TAMS 0x000000008c400000| PB 0x000000008c400000| Untracked 
| 197|0x000000008c500000, 0x000000008c500000, 0x000000008c600000|  0%| F|  |TAMS 0x000000008c500000| PB 0x000000008c500000| Untracked 
| 198|0x000000008c600000, 0x000000008c600000, 0x000000008c700000|  0%| F|  |TAMS 0x000000008c600000| PB 0x000000008c600000| Untracked 
| 199|0x000000008c700000, 0x000000008c800000, 0x000000008c800000|100%| O|  |TAMS 0x000000008c700000| PB 0x000000008c700000| Untracked 
| 200|0x000000008c800000, 0x000000008c900000, 0x000000008c900000|100%| O|  |TAMS 0x000000008c800000| PB 0x000000008c800000| Untracked 
| 201|0x000000008c900000, 0x000000008ca00000, 0x000000008ca00000|100%| O|  |TAMS 0x000000008c900000| PB 0x000000008c900000| Untracked 
| 202|0x000000008ca00000, 0x000000008ca00000, 0x000000008cb00000|  0%| F|  |TAMS 0x000000008ca00000| PB 0x000000008ca00000| Untracked 
| 203|0x000000008cb00000, 0x000000008cc00000, 0x000000008cc00000|100%| O|  |TAMS 0x000000008cb00000| PB 0x000000008cb00000| Untracked 
| 204|0x000000008cc00000, 0x000000008cc00000, 0x000000008cd00000|  0%| F|  |TAMS 0x000000008cc00000| PB 0x000000008cc00000| Untracked 
| 205|0x000000008cd00000, 0x000000008cd00000, 0x000000008ce00000|  0%| F|  |TAMS 0x000000008cd00000| PB 0x000000008cd00000| Untracked 
| 206|0x000000008ce00000, 0x000000008ce00000, 0x000000008cf00000|  0%| F|  |TAMS 0x000000008ce00000| PB 0x000000008ce00000| Untracked 
| 207|0x000000008cf00000, 0x000000008cf00000, 0x000000008d000000|  0%| F|  |TAMS 0x000000008cf00000| PB 0x000000008cf00000| Untracked 
| 208|0x000000008d000000, 0x000000008d000000, 0x000000008d100000|  0%| F|  |TAMS 0x000000008d000000| PB 0x000000008d000000| Untracked 
| 209|0x000000008d100000, 0x000000008d100000, 0x000000008d200000|  0%| F|  |TAMS 0x000000008d100000| PB 0x000000008d100000| Untracked 
| 210|0x000000008d200000, 0x000000008d300000, 0x000000008d300000|100%| O|Cm|TAMS 0x000000008d200000| PB 0x000000008d200000| Complete 
| 211|0x000000008d300000, 0x000000008d400000, 0x000000008d400000|100%| O|Cm|TAMS 0x000000008d300000| PB 0x000000008d300000| Complete 
| 212|0x000000008d400000, 0x000000008d400000, 0x000000008d500000|  0%| F|  |TAMS 0x000000008d400000| PB 0x000000008d400000| Untracked 
| 213|0x000000008d500000, 0x000000008d500000, 0x000000008d600000|  0%| F|  |TAMS 0x000000008d500000| PB 0x000000008d500000| Untracked 
| 214|0x000000008d600000, 0x000000008d700000, 0x000000008d700000|100%| O|Cm|TAMS 0x000000008d600000| PB 0x000000008d600000| Complete 
| 215|0x000000008d700000, 0x000000008d800000, 0x000000008d800000|100%| O|Cm|TAMS 0x000000008d700000| PB 0x000000008d700000| Complete 
| 216|0x000000008d800000, 0x000000008d900000, 0x000000008d900000|100%| O|  |TAMS 0x000000008d800000| PB 0x000000008d800000| Untracked 
| 217|0x000000008d900000, 0x000000008d900000, 0x000000008da00000|  0%| F|  |TAMS 0x000000008d900000| PB 0x000000008d900000| Untracked 
| 218|0x000000008da00000, 0x000000008da00000, 0x000000008db00000|  0%| F|  |TAMS 0x000000008da00000| PB 0x000000008da00000| Untracked 
| 219|0x000000008db00000, 0x000000008dc00000, 0x000000008dc00000|100%| O|Cm|TAMS 0x000000008db00000| PB 0x000000008db00000| Complete 
| 220|0x000000008dc00000, 0x000000008dd00000, 0x000000008dd00000|100%| O|  |TAMS 0x000000008dc00000| PB 0x000000008dc00000| Untracked 
| 221|0x000000008dd00000, 0x000000008de00000, 0x000000008de00000|100%| O|  |TAMS 0x000000008dd00000| PB 0x000000008dd00000| Untracked 
| 222|0x000000008de00000, 0x000000008df00000, 0x000000008df00000|100%| O|  |TAMS 0x000000008de00000| PB 0x000000008de00000| Untracked 
| 223|0x000000008df00000, 0x000000008e000000, 0x000000008e000000|100%| O|Cm|TAMS 0x000000008df00000| PB 0x000000008df00000| Complete 
| 224|0x000000008e000000, 0x000000008e000000, 0x000000008e100000|  0%| F|  |TAMS 0x000000008e000000| PB 0x000000008e000000| Untracked 
| 225|0x000000008e100000, 0x000000008e100000, 0x000000008e200000|  0%| F|  |TAMS 0x000000008e100000| PB 0x000000008e100000| Untracked 
| 226|0x000000008e200000, 0x000000008e300000, 0x000000008e300000|100%| O|  |TAMS 0x000000008e200000| PB 0x000000008e200000| Untracked 
| 227|0x000000008e300000, 0x000000008e300000, 0x000000008e400000|  0%| F|  |TAMS 0x000000008e300000| PB 0x000000008e300000| Untracked 
| 228|0x000000008e400000, 0x000000008e500000, 0x000000008e500000|100%| O|  |TAMS 0x000000008e400000| PB 0x000000008e400000| Untracked 
| 229|0x000000008e500000, 0x000000008e600000, 0x000000008e600000|100%| O|  |TAMS 0x000000008e500000| PB 0x000000008e500000| Untracked 
| 230|0x000000008e600000, 0x000000008e700000, 0x000000008e700000|100%| O|  |TAMS 0x000000008e600000| PB 0x000000008e600000| Untracked 
| 231|0x000000008e700000, 0x000000008e800000, 0x000000008e800000|100%| O|  |TAMS 0x000000008e700000| PB 0x000000008e700000| Untracked 
| 232|0x000000008e800000, 0x000000008e900000, 0x000000008e900000|100%| O|  |TAMS 0x000000008e800000| PB 0x000000008e800000| Untracked 
| 233|0x000000008e900000, 0x000000008ea00000, 0x000000008ea00000|100%| O|  |TAMS 0x000000008e900000| PB 0x000000008e900000| Untracked 
| 234|0x000000008ea00000, 0x000000008eb00000, 0x000000008eb00000|100%| O|  |TAMS 0x000000008ea00000| PB 0x000000008ea00000| Untracked 
| 235|0x000000008eb00000, 0x000000008ec00000, 0x000000008ec00000|100%| O|Cm|TAMS 0x000000008eb00000| PB 0x000000008eb00000| Complete 
| 236|0x000000008ec00000, 0x000000008ed00000, 0x000000008ed00000|100%| O|Cm|TAMS 0x000000008ec00000| PB 0x000000008ec00000| Complete 
| 237|0x000000008ed00000, 0x000000008ee00000, 0x000000008ee00000|100%| O|  |TAMS 0x000000008ed00000| PB 0x000000008ed00000| Untracked 
| 238|0x000000008ee00000, 0x000000008ef00000, 0x000000008ef00000|100%| O|  |TAMS 0x000000008ee00000| PB 0x000000008ee00000| Untracked 
| 239|0x000000008ef00000, 0x000000008f000000, 0x000000008f000000|100%| O|Cm|TAMS 0x000000008ef00000| PB 0x000000008ef00000| Complete 
| 240|0x000000008f000000, 0x000000008f100000, 0x000000008f100000|100%| O|Cm|TAMS 0x000000008f000000| PB 0x000000008f000000| Complete 
| 241|0x000000008f100000, 0x000000008f200000, 0x000000008f200000|100%| O|Cm|TAMS 0x000000008f100000| PB 0x000000008f100000| Complete 
| 242|0x000000008f200000, 0x000000008f300000, 0x000000008f300000|100%| O|Cm|TAMS 0x000000008f200000| PB 0x000000008f200000| Complete 
| 243|0x000000008f300000, 0x000000008f400000, 0x000000008f400000|100%| O|  |TAMS 0x000000008f300000| PB 0x000000008f300000| Untracked 
| 244|0x000000008f400000, 0x000000008f400000, 0x000000008f500000|  0%| F|  |TAMS 0x000000008f400000| PB 0x000000008f400000| Untracked 
| 245|0x000000008f500000, 0x000000008f600000, 0x000000008f600000|100%| O|Cm|TAMS 0x000000008f500000| PB 0x000000008f500000| Complete 
| 246|0x000000008f600000, 0x000000008f700000, 0x000000008f700000|100%| O|  |TAMS 0x000000008f600000| PB 0x000000008f600000| Untracked 
| 247|0x000000008f700000, 0x000000008f700000, 0x000000008f800000|  0%| F|  |TAMS 0x000000008f700000| PB 0x000000008f700000| Untracked 
| 248|0x000000008f800000, 0x000000008f900000, 0x000000008f900000|100%| O|Cm|TAMS 0x000000008f800000| PB 0x000000008f800000| Complete 
| 249|0x000000008f900000, 0x000000008fa00000, 0x000000008fa00000|100%| O|  |TAMS 0x000000008f900000| PB 0x000000008f900000| Untracked 
| 250|0x000000008fa00000, 0x000000008fa00000, 0x000000008fb00000|  0%| F|  |TAMS 0x000000008fa00000| PB 0x000000008fa00000| Untracked 
| 251|0x000000008fb00000, 0x000000008fc00000, 0x000000008fc00000|100%|HS|  |TAMS 0x000000008fb00000| PB 0x000000008fb00000| Complete 
| 252|0x000000008fc00000, 0x000000008fd00000, 0x000000008fd00000|100%|HC|  |TAMS 0x000000008fc00000| PB 0x000000008fc00000| Complete 
| 253|0x000000008fd00000, 0x000000008fe00000, 0x000000008fe00000|100%| O|Cm|TAMS 0x000000008fd00000| PB 0x000000008fd00000| Complete 
| 254|0x000000008fe00000, 0x000000008fe00000, 0x000000008ff00000|  0%| F|  |TAMS 0x000000008fe00000| PB 0x000000008fe00000| Untracked 
| 255|0x000000008ff00000, 0x000000008ff00000, 0x0000000090000000|  0%| F|  |TAMS 0x000000008ff00000| PB 0x000000008ff00000| Untracked 
| 256|0x0000000090000000, 0x0000000090100000, 0x0000000090100000|100%| O|Cm|TAMS 0x0000000090000000| PB 0x0000000090000000| Complete 
| 257|0x0000000090100000, 0x0000000090100000, 0x0000000090200000|  0%| F|  |TAMS 0x0000000090100000| PB 0x0000000090100000| Untracked 
| 258|0x0000000090200000, 0x0000000090200000, 0x0000000090300000|  0%| F|  |TAMS 0x0000000090200000| PB 0x0000000090200000| Untracked 
| 259|0x0000000090300000, 0x0000000090400000, 0x0000000090400000|100%| O|Cm|TAMS 0x0000000090300000| PB 0x0000000090300000| Complete 
| 260|0x0000000090400000, 0x0000000090400000, 0x0000000090500000|  0%| F|  |TAMS 0x0000000090400000| PB 0x0000000090400000| Untracked 
| 261|0x0000000090500000, 0x0000000090500000, 0x0000000090600000|  0%| F|  |TAMS 0x0000000090500000| PB 0x0000000090500000| Untracked 
| 262|0x0000000090600000, 0x0000000090600000, 0x0000000090700000|  0%| F|  |TAMS 0x0000000090600000| PB 0x0000000090600000| Untracked 
| 263|0x0000000090700000, 0x0000000090700000, 0x0000000090800000|  0%| F|  |TAMS 0x0000000090700000| PB 0x0000000090700000| Untracked 
| 264|0x0000000090800000, 0x0000000090800000, 0x0000000090900000|  0%| F|  |TAMS 0x0000000090800000| PB 0x0000000090800000| Untracked 
| 265|0x0000000090900000, 0x0000000090900000, 0x0000000090a00000|  0%| F|  |TAMS 0x0000000090900000| PB 0x0000000090900000| Untracked 
| 266|0x0000000090a00000, 0x0000000090a00000, 0x0000000090b00000|  0%| F|  |TAMS 0x0000000090a00000| PB 0x0000000090a00000| Untracked 
| 267|0x0000000090b00000, 0x0000000090b00000, 0x0000000090c00000|  0%| F|  |TAMS 0x0000000090b00000| PB 0x0000000090b00000| Untracked 
| 268|0x0000000090c00000, 0x0000000090c00000, 0x0000000090d00000|  0%| F|  |TAMS 0x0000000090c00000| PB 0x0000000090c00000| Untracked 
| 269|0x0000000090d00000, 0x0000000090d00000, 0x0000000090e00000|  0%| F|  |TAMS 0x0000000090d00000| PB 0x0000000090d00000| Untracked 
| 270|0x0000000090e00000, 0x0000000090e00000, 0x0000000090f00000|  0%| F|  |TAMS 0x0000000090e00000| PB 0x0000000090e00000| Untracked 
| 271|0x0000000090f00000, 0x0000000090f00000, 0x0000000091000000|  0%| F|  |TAMS 0x0000000090f00000| PB 0x0000000090f00000| Untracked 
| 272|0x0000000091000000, 0x0000000091000000, 0x0000000091100000|  0%| F|  |TAMS 0x0000000091000000| PB 0x0000000091000000| Untracked 
| 273|0x0000000091100000, 0x0000000091100000, 0x0000000091200000|  0%| F|  |TAMS 0x0000000091100000| PB 0x0000000091100000| Untracked 
| 274|0x0000000091200000, 0x0000000091200000, 0x0000000091300000|  0%| F|  |TAMS 0x0000000091200000| PB 0x0000000091200000| Untracked 
| 275|0x0000000091300000, 0x0000000091300000, 0x0000000091400000|  0%| F|  |TAMS 0x0000000091300000| PB 0x0000000091300000| Untracked 
| 276|0x0000000091400000, 0x0000000091400000, 0x0000000091500000|  0%| F|  |TAMS 0x0000000091400000| PB 0x0000000091400000| Untracked 
| 277|0x0000000091500000, 0x0000000091500000, 0x0000000091600000|  0%| F|  |TAMS 0x0000000091500000| PB 0x0000000091500000| Untracked 
| 278|0x0000000091600000, 0x0000000091700000, 0x0000000091700000|100%| O|  |TAMS 0x0000000091600000| PB 0x0000000091600000| Untracked 
| 279|0x0000000091700000, 0x0000000091800000, 0x0000000091800000|100%|HS|  |TAMS 0x0000000091700000| PB 0x0000000091700000| Complete 
| 280|0x0000000091800000, 0x0000000091900000, 0x0000000091900000|100%|HC|  |TAMS 0x0000000091800000| PB 0x0000000091800000| Complete 
| 281|0x0000000091900000, 0x0000000091a00000, 0x0000000091a00000|100%|HC|  |TAMS 0x0000000091900000| PB 0x0000000091900000| Complete 
| 282|0x0000000091a00000, 0x0000000091b00000, 0x0000000091b00000|100%|HC|  |TAMS 0x0000000091a00000| PB 0x0000000091a00000| Complete 
| 283|0x0000000091b00000, 0x0000000091b00000, 0x0000000091c00000|  0%| F|  |TAMS 0x0000000091b00000| PB 0x0000000091b00000| Untracked 
| 284|0x0000000091c00000, 0x0000000091c00000, 0x0000000091d00000|  0%| F|  |TAMS 0x0000000091c00000| PB 0x0000000091c00000| Untracked 
| 285|0x0000000091d00000, 0x0000000091d00000, 0x0000000091e00000|  0%| F|  |TAMS 0x0000000091d00000| PB 0x0000000091d00000| Untracked 
| 286|0x0000000091e00000, 0x0000000091e00000, 0x0000000091f00000|  0%| F|  |TAMS 0x0000000091e00000| PB 0x0000000091e00000| Untracked 
| 287|0x0000000091f00000, 0x0000000091f00000, 0x0000000092000000|  0%| F|  |TAMS 0x0000000091f00000| PB 0x0000000091f00000| Untracked 
| 288|0x0000000092000000, 0x0000000092000000, 0x0000000092100000|  0%| F|  |TAMS 0x0000000092000000| PB 0x0000000092000000| Untracked 
| 289|0x0000000092100000, 0x0000000092100000, 0x0000000092200000|  0%| F|  |TAMS 0x0000000092100000| PB 0x0000000092100000| Untracked 
| 290|0x0000000092200000, 0x0000000092200000, 0x0000000092300000|  0%| F|  |TAMS 0x0000000092200000| PB 0x0000000092200000| Untracked 
| 291|0x0000000092300000, 0x0000000092300000, 0x0000000092400000|  0%| F|  |TAMS 0x0000000092300000| PB 0x0000000092300000| Untracked 
| 292|0x0000000092400000, 0x0000000092400000, 0x0000000092500000|  0%| F|  |TAMS 0x0000000092400000| PB 0x0000000092400000| Untracked 
| 293|0x0000000092500000, 0x0000000092500000, 0x0000000092600000|  0%| F|  |TAMS 0x0000000092500000| PB 0x0000000092500000| Untracked 
| 294|0x0000000092600000, 0x0000000092600000, 0x0000000092700000|  0%| F|  |TAMS 0x0000000092600000| PB 0x0000000092600000| Untracked 
| 295|0x0000000092700000, 0x0000000092700000, 0x0000000092800000|  0%| F|  |TAMS 0x0000000092700000| PB 0x0000000092700000| Untracked 
| 296|0x0000000092800000, 0x0000000092800000, 0x0000000092900000|  0%| F|  |TAMS 0x0000000092800000| PB 0x0000000092800000| Untracked 
| 297|0x0000000092900000, 0x0000000092900000, 0x0000000092a00000|  0%| F|  |TAMS 0x0000000092900000| PB 0x0000000092900000| Untracked 
| 298|0x0000000092a00000, 0x0000000092a00000, 0x0000000092b00000|  0%| F|  |TAMS 0x0000000092a00000| PB 0x0000000092a00000| Untracked 
| 299|0x0000000092b00000, 0x0000000092b00000, 0x0000000092c00000|  0%| F|  |TAMS 0x0000000092b00000| PB 0x0000000092b00000| Untracked 
| 300|0x0000000092c00000, 0x0000000092c00000, 0x0000000092d00000|  0%| F|  |TAMS 0x0000000092c00000| PB 0x0000000092c00000| Untracked 
| 301|0x0000000092d00000, 0x0000000092d00000, 0x0000000092e00000|  0%| F|  |TAMS 0x0000000092d00000| PB 0x0000000092d00000| Untracked 
| 302|0x0000000092e00000, 0x0000000092e00000, 0x0000000092f00000|  0%| F|  |TAMS 0x0000000092e00000| PB 0x0000000092e00000| Untracked 
| 303|0x0000000092f00000, 0x0000000092f00000, 0x0000000093000000|  0%| F|  |TAMS 0x0000000092f00000| PB 0x0000000092f00000| Untracked 
| 304|0x0000000093000000, 0x0000000093000000, 0x0000000093100000|  0%| F|  |TAMS 0x0000000093000000| PB 0x0000000093000000| Untracked 
| 305|0x0000000093100000, 0x0000000093100000, 0x0000000093200000|  0%| F|  |TAMS 0x0000000093100000| PB 0x0000000093100000| Untracked 
| 306|0x0000000093200000, 0x0000000093200000, 0x0000000093300000|  0%| F|  |TAMS 0x0000000093200000| PB 0x0000000093200000| Untracked 
| 307|0x0000000093300000, 0x0000000093300000, 0x0000000093400000|  0%| F|  |TAMS 0x0000000093300000| PB 0x0000000093300000| Untracked 
| 308|0x0000000093400000, 0x0000000093400000, 0x0000000093500000|  0%| F|  |TAMS 0x0000000093400000| PB 0x0000000093400000| Untracked 
| 309|0x0000000093500000, 0x0000000093500000, 0x0000000093600000|  0%| F|  |TAMS 0x0000000093500000| PB 0x0000000093500000| Untracked 
| 310|0x0000000093600000, 0x0000000093600000, 0x0000000093700000|  0%| F|  |TAMS 0x0000000093600000| PB 0x0000000093600000| Untracked 
| 311|0x0000000093700000, 0x0000000093700000, 0x0000000093800000|  0%| F|  |TAMS 0x0000000093700000| PB 0x0000000093700000| Untracked 
| 312|0x0000000093800000, 0x0000000093800000, 0x0000000093900000|  0%| F|  |TAMS 0x0000000093800000| PB 0x0000000093800000| Untracked 
| 313|0x0000000093900000, 0x0000000093900000, 0x0000000093a00000|  0%| F|  |TAMS 0x0000000093900000| PB 0x0000000093900000| Untracked 
| 314|0x0000000093a00000, 0x0000000093a00000, 0x0000000093b00000|  0%| F|  |TAMS 0x0000000093a00000| PB 0x0000000093a00000| Untracked 
| 315|0x0000000093b00000, 0x0000000093b00000, 0x0000000093c00000|  0%| F|  |TAMS 0x0000000093b00000| PB 0x0000000093b00000| Untracked 
| 316|0x0000000093c00000, 0x0000000093c00000, 0x0000000093d00000|  0%| F|  |TAMS 0x0000000093c00000| PB 0x0000000093c00000| Untracked 
| 317|0x0000000093d00000, 0x0000000093d00000, 0x0000000093e00000|  0%| F|  |TAMS 0x0000000093d00000| PB 0x0000000093d00000| Untracked 
| 318|0x0000000093e00000, 0x0000000093e00000, 0x0000000093f00000|  0%| F|  |TAMS 0x0000000093e00000| PB 0x0000000093e00000| Untracked 
| 319|0x0000000093f00000, 0x0000000093f00000, 0x0000000094000000|  0%| F|  |TAMS 0x0000000093f00000| PB 0x0000000093f00000| Untracked 
| 320|0x0000000094000000, 0x0000000094000000, 0x0000000094100000|  0%| F|  |TAMS 0x0000000094000000| PB 0x0000000094000000| Untracked 
| 321|0x0000000094100000, 0x0000000094100000, 0x0000000094200000|  0%| F|  |TAMS 0x0000000094100000| PB 0x0000000094100000| Untracked 
| 322|0x0000000094200000, 0x0000000094200000, 0x0000000094300000|  0%| F|  |TAMS 0x0000000094200000| PB 0x0000000094200000| Untracked 
| 323|0x0000000094300000, 0x0000000094300000, 0x0000000094400000|  0%| F|  |TAMS 0x0000000094300000| PB 0x0000000094300000| Untracked 
| 324|0x0000000094400000, 0x0000000094400000, 0x0000000094500000|  0%| F|  |TAMS 0x0000000094400000| PB 0x0000000094400000| Untracked 
| 325|0x0000000094500000, 0x0000000094500000, 0x0000000094600000|  0%| F|  |TAMS 0x0000000094500000| PB 0x0000000094500000| Untracked 
| 326|0x0000000094600000, 0x0000000094600000, 0x0000000094700000|  0%| F|  |TAMS 0x0000000094600000| PB 0x0000000094600000| Untracked 
| 327|0x0000000094700000, 0x0000000094700000, 0x0000000094800000|  0%| F|  |TAMS 0x0000000094700000| PB 0x0000000094700000| Untracked 
| 328|0x0000000094800000, 0x0000000094800000, 0x0000000094900000|  0%| F|  |TAMS 0x0000000094800000| PB 0x0000000094800000| Untracked 
| 329|0x0000000094900000, 0x0000000094900000, 0x0000000094a00000|  0%| F|  |TAMS 0x0000000094900000| PB 0x0000000094900000| Untracked 
| 330|0x0000000094a00000, 0x0000000094a00000, 0x0000000094b00000|  0%| F|  |TAMS 0x0000000094a00000| PB 0x0000000094a00000| Untracked 
| 331|0x0000000094b00000, 0x0000000094b00000, 0x0000000094c00000|  0%| F|  |TAMS 0x0000000094b00000| PB 0x0000000094b00000| Untracked 
| 332|0x0000000094c00000, 0x0000000094c00000, 0x0000000094d00000|  0%| F|  |TAMS 0x0000000094c00000| PB 0x0000000094c00000| Untracked 
| 333|0x0000000094d00000, 0x0000000094d00000, 0x0000000094e00000|  0%| F|  |TAMS 0x0000000094d00000| PB 0x0000000094d00000| Untracked 
| 334|0x0000000094e00000, 0x0000000094e00000, 0x0000000094f00000|  0%| F|  |TAMS 0x0000000094e00000| PB 0x0000000094e00000| Untracked 
| 335|0x0000000094f00000, 0x0000000094f00000, 0x0000000095000000|  0%| F|  |TAMS 0x0000000094f00000| PB 0x0000000094f00000| Untracked 
| 336|0x0000000095000000, 0x0000000095000000, 0x0000000095100000|  0%| F|  |TAMS 0x0000000095000000| PB 0x0000000095000000| Untracked 
| 337|0x0000000095100000, 0x0000000095100000, 0x0000000095200000|  0%| F|  |TAMS 0x0000000095100000| PB 0x0000000095100000| Untracked 
| 338|0x0000000095200000, 0x0000000095200000, 0x0000000095300000|  0%| F|  |TAMS 0x0000000095200000| PB 0x0000000095200000| Untracked 
| 339|0x0000000095300000, 0x0000000095300000, 0x0000000095400000|  0%| F|  |TAMS 0x0000000095300000| PB 0x0000000095300000| Untracked 
| 340|0x0000000095400000, 0x0000000095400000, 0x0000000095500000|  0%| F|  |TAMS 0x0000000095400000| PB 0x0000000095400000| Untracked 
| 341|0x0000000095500000, 0x0000000095500000, 0x0000000095600000|  0%| F|  |TAMS 0x0000000095500000| PB 0x0000000095500000| Untracked 
| 342|0x0000000095600000, 0x0000000095600000, 0x0000000095700000|  0%| F|  |TAMS 0x0000000095600000| PB 0x0000000095600000| Untracked 
| 343|0x0000000095700000, 0x0000000095700000, 0x0000000095800000|  0%| F|  |TAMS 0x0000000095700000| PB 0x0000000095700000| Untracked 
| 344|0x0000000095800000, 0x0000000095800000, 0x0000000095900000|  0%| F|  |TAMS 0x0000000095800000| PB 0x0000000095800000| Untracked 
| 345|0x0000000095900000, 0x0000000095900000, 0x0000000095a00000|  0%| F|  |TAMS 0x0000000095900000| PB 0x0000000095900000| Untracked 
| 346|0x0000000095a00000, 0x0000000095a00000, 0x0000000095b00000|  0%| F|  |TAMS 0x0000000095a00000| PB 0x0000000095a00000| Untracked 
| 347|0x0000000095b00000, 0x0000000095b00000, 0x0000000095c00000|  0%| F|  |TAMS 0x0000000095b00000| PB 0x0000000095b00000| Untracked 
| 348|0x0000000095c00000, 0x0000000095c00000, 0x0000000095d00000|  0%| F|  |TAMS 0x0000000095c00000| PB 0x0000000095c00000| Untracked 
| 349|0x0000000095d00000, 0x0000000095d00000, 0x0000000095e00000|  0%| F|  |TAMS 0x0000000095d00000| PB 0x0000000095d00000| Untracked 
| 350|0x0000000095e00000, 0x0000000095e00000, 0x0000000095f00000|  0%| F|  |TAMS 0x0000000095e00000| PB 0x0000000095e00000| Untracked 
| 351|0x0000000095f00000, 0x0000000095f00000, 0x0000000096000000|  0%| F|  |TAMS 0x0000000095f00000| PB 0x0000000095f00000| Untracked 
| 352|0x0000000096000000, 0x0000000096000000, 0x0000000096100000|  0%| F|  |TAMS 0x0000000096000000| PB 0x0000000096000000| Untracked 
| 353|0x0000000096100000, 0x0000000096100000, 0x0000000096200000|  0%| F|  |TAMS 0x0000000096100000| PB 0x0000000096100000| Untracked 
| 354|0x0000000096200000, 0x0000000096200000, 0x0000000096300000|  0%| F|  |TAMS 0x0000000096200000| PB 0x0000000096200000| Untracked 
| 355|0x0000000096300000, 0x0000000096300000, 0x0000000096400000|  0%| F|  |TAMS 0x0000000096300000| PB 0x0000000096300000| Untracked 
| 356|0x0000000096400000, 0x0000000096400000, 0x0000000096500000|  0%| F|  |TAMS 0x0000000096400000| PB 0x0000000096400000| Untracked 
| 357|0x0000000096500000, 0x0000000096500000, 0x0000000096600000|  0%| F|  |TAMS 0x0000000096500000| PB 0x0000000096500000| Untracked 
| 358|0x0000000096600000, 0x0000000096600000, 0x0000000096700000|  0%| F|  |TAMS 0x0000000096600000| PB 0x0000000096600000| Untracked 
| 359|0x0000000096700000, 0x0000000096700000, 0x0000000096800000|  0%| F|  |TAMS 0x0000000096700000| PB 0x0000000096700000| Untracked 
| 360|0x0000000096800000, 0x0000000096800000, 0x0000000096900000|  0%| F|  |TAMS 0x0000000096800000| PB 0x0000000096800000| Untracked 
| 361|0x0000000096900000, 0x0000000096900000, 0x0000000096a00000|  0%| F|  |TAMS 0x0000000096900000| PB 0x0000000096900000| Untracked 
| 362|0x0000000096a00000, 0x0000000096a00000, 0x0000000096b00000|  0%| F|  |TAMS 0x0000000096a00000| PB 0x0000000096a00000| Untracked 
| 363|0x0000000096b00000, 0x0000000096b00000, 0x0000000096c00000|  0%| F|  |TAMS 0x0000000096b00000| PB 0x0000000096b00000| Untracked 
| 364|0x0000000096c00000, 0x0000000096c00000, 0x0000000096d00000|  0%| F|  |TAMS 0x0000000096c00000| PB 0x0000000096c00000| Untracked 
| 365|0x0000000096d00000, 0x0000000096d00000, 0x0000000096e00000|  0%| F|  |TAMS 0x0000000096d00000| PB 0x0000000096d00000| Untracked 
| 366|0x0000000096e00000, 0x0000000096e00000, 0x0000000096f00000|  0%| F|  |TAMS 0x0000000096e00000| PB 0x0000000096e00000| Untracked 
| 367|0x0000000096f00000, 0x0000000096f00000, 0x0000000097000000|  0%| F|  |TAMS 0x0000000096f00000| PB 0x0000000096f00000| Untracked 
| 368|0x0000000097000000, 0x0000000097000000, 0x0000000097100000|  0%| F|  |TAMS 0x0000000097000000| PB 0x0000000097000000| Untracked 
| 369|0x0000000097100000, 0x0000000097100000, 0x0000000097200000|  0%| F|  |TAMS 0x0000000097100000| PB 0x0000000097100000| Untracked 
| 370|0x0000000097200000, 0x0000000097200000, 0x0000000097300000|  0%| F|  |TAMS 0x0000000097200000| PB 0x0000000097200000| Untracked 
| 371|0x0000000097300000, 0x0000000097300000, 0x0000000097400000|  0%| F|  |TAMS 0x0000000097300000| PB 0x0000000097300000| Untracked 
| 372|0x0000000097400000, 0x0000000097400000, 0x0000000097500000|  0%| F|  |TAMS 0x0000000097400000| PB 0x0000000097400000| Untracked 
| 373|0x0000000097500000, 0x0000000097500000, 0x0000000097600000|  0%| F|  |TAMS 0x0000000097500000| PB 0x0000000097500000| Untracked 
| 374|0x0000000097600000, 0x0000000097600000, 0x0000000097700000|  0%| F|  |TAMS 0x0000000097600000| PB 0x0000000097600000| Untracked 
| 375|0x0000000097700000, 0x0000000097700000, 0x0000000097800000|  0%| F|  |TAMS 0x0000000097700000| PB 0x0000000097700000| Untracked 
| 376|0x0000000097800000, 0x0000000097800000, 0x0000000097900000|  0%| F|  |TAMS 0x0000000097800000| PB 0x0000000097800000| Untracked 
| 377|0x0000000097900000, 0x0000000097900000, 0x0000000097a00000|  0%| F|  |TAMS 0x0000000097900000| PB 0x0000000097900000| Untracked 
| 378|0x0000000097a00000, 0x0000000097a00000, 0x0000000097b00000|  0%| F|  |TAMS 0x0000000097a00000| PB 0x0000000097a00000| Untracked 
| 379|0x0000000097b00000, 0x0000000097b00000, 0x0000000097c00000|  0%| F|  |TAMS 0x0000000097b00000| PB 0x0000000097b00000| Untracked 
| 380|0x0000000097c00000, 0x0000000097c00000, 0x0000000097d00000|  0%| F|  |TAMS 0x0000000097c00000| PB 0x0000000097c00000| Untracked 
| 381|0x0000000097d00000, 0x0000000097d00000, 0x0000000097e00000|  0%| F|  |TAMS 0x0000000097d00000| PB 0x0000000097d00000| Untracked 
| 382|0x0000000097e00000, 0x0000000097e00000, 0x0000000097f00000|  0%| F|  |TAMS 0x0000000097e00000| PB 0x0000000097e00000| Untracked 
| 383|0x0000000097f00000, 0x0000000097f00000, 0x0000000098000000|  0%| F|  |TAMS 0x0000000097f00000| PB 0x0000000097f00000| Untracked 
| 384|0x0000000098000000, 0x0000000098000000, 0x0000000098100000|  0%| F|  |TAMS 0x0000000098000000| PB 0x0000000098000000| Untracked 
| 385|0x0000000098100000, 0x0000000098100000, 0x0000000098200000|  0%| F|  |TAMS 0x0000000098100000| PB 0x0000000098100000| Untracked 
| 386|0x0000000098200000, 0x0000000098200000, 0x0000000098300000|  0%| F|  |TAMS 0x0000000098200000| PB 0x0000000098200000| Untracked 
| 387|0x0000000098300000, 0x0000000098300000, 0x0000000098400000|  0%| F|  |TAMS 0x0000000098300000| PB 0x0000000098300000| Untracked 
| 388|0x0000000098400000, 0x0000000098400000, 0x0000000098500000|  0%| F|  |TAMS 0x0000000098400000| PB 0x0000000098400000| Untracked 
| 389|0x0000000098500000, 0x0000000098500000, 0x0000000098600000|  0%| F|  |TAMS 0x0000000098500000| PB 0x0000000098500000| Untracked 
| 390|0x0000000098600000, 0x0000000098600000, 0x0000000098700000|  0%| F|  |TAMS 0x0000000098600000| PB 0x0000000098600000| Untracked 
| 391|0x0000000098700000, 0x0000000098700000, 0x0000000098800000|  0%| F|  |TAMS 0x0000000098700000| PB 0x0000000098700000| Untracked 
| 392|0x0000000098800000, 0x0000000098800000, 0x0000000098900000|  0%| F|  |TAMS 0x0000000098800000| PB 0x0000000098800000| Untracked 
| 393|0x0000000098900000, 0x0000000098900000, 0x0000000098a00000|  0%| F|  |TAMS 0x0000000098900000| PB 0x0000000098900000| Untracked 
| 394|0x0000000098a00000, 0x0000000098a00000, 0x0000000098b00000|  0%| F|  |TAMS 0x0000000098a00000| PB 0x0000000098a00000| Untracked 
| 395|0x0000000098b00000, 0x0000000098b00000, 0x0000000098c00000|  0%| F|  |TAMS 0x0000000098b00000| PB 0x0000000098b00000| Untracked 
| 396|0x0000000098c00000, 0x0000000098c00000, 0x0000000098d00000|  0%| F|  |TAMS 0x0000000098c00000| PB 0x0000000098c00000| Untracked 
| 397|0x0000000098d00000, 0x0000000098d00000, 0x0000000098e00000|  0%| F|  |TAMS 0x0000000098d00000| PB 0x0000000098d00000| Untracked 
| 398|0x0000000098e00000, 0x0000000098e00000, 0x0000000098f00000|  0%| F|  |TAMS 0x0000000098e00000| PB 0x0000000098e00000| Untracked 
| 399|0x0000000098f00000, 0x0000000098f00000, 0x0000000099000000|  0%| F|  |TAMS 0x0000000098f00000| PB 0x0000000098f00000| Untracked 
| 400|0x0000000099000000, 0x0000000099000000, 0x0000000099100000|  0%| F|  |TAMS 0x0000000099000000| PB 0x0000000099000000| Untracked 
| 401|0x0000000099100000, 0x0000000099100000, 0x0000000099200000|  0%| F|  |TAMS 0x0000000099100000| PB 0x0000000099100000| Untracked 
| 402|0x0000000099200000, 0x0000000099200000, 0x0000000099300000|  0%| F|  |TAMS 0x0000000099200000| PB 0x0000000099200000| Untracked 
| 403|0x0000000099300000, 0x0000000099300000, 0x0000000099400000|  0%| F|  |TAMS 0x0000000099300000| PB 0x0000000099300000| Untracked 
| 404|0x0000000099400000, 0x0000000099400000, 0x0000000099500000|  0%| F|  |TAMS 0x0000000099400000| PB 0x0000000099400000| Untracked 
| 405|0x0000000099500000, 0x0000000099500000, 0x0000000099600000|  0%| F|  |TAMS 0x0000000099500000| PB 0x0000000099500000| Untracked 
| 406|0x0000000099600000, 0x0000000099600000, 0x0000000099700000|  0%| F|  |TAMS 0x0000000099600000| PB 0x0000000099600000| Untracked 
| 407|0x0000000099700000, 0x0000000099700000, 0x0000000099800000|  0%| F|  |TAMS 0x0000000099700000| PB 0x0000000099700000| Untracked 
| 408|0x0000000099800000, 0x0000000099800000, 0x0000000099900000|  0%| F|  |TAMS 0x0000000099800000| PB 0x0000000099800000| Untracked 
| 409|0x0000000099900000, 0x0000000099900000, 0x0000000099a00000|  0%| F|  |TAMS 0x0000000099900000| PB 0x0000000099900000| Untracked 
| 410|0x0000000099a00000, 0x0000000099a00000, 0x0000000099b00000|  0%| F|  |TAMS 0x0000000099a00000| PB 0x0000000099a00000| Untracked 
| 411|0x0000000099b00000, 0x0000000099b00000, 0x0000000099c00000|  0%| F|  |TAMS 0x0000000099b00000| PB 0x0000000099b00000| Untracked 
| 412|0x0000000099c00000, 0x0000000099c00000, 0x0000000099d00000|  0%| F|  |TAMS 0x0000000099c00000| PB 0x0000000099c00000| Untracked 
| 413|0x0000000099d00000, 0x0000000099d00000, 0x0000000099e00000|  0%| F|  |TAMS 0x0000000099d00000| PB 0x0000000099d00000| Untracked 
| 414|0x0000000099e00000, 0x0000000099e00000, 0x0000000099f00000|  0%| F|  |TAMS 0x0000000099e00000| PB 0x0000000099e00000| Untracked 
| 415|0x0000000099f00000, 0x0000000099f00000, 0x000000009a000000|  0%| F|  |TAMS 0x0000000099f00000| PB 0x0000000099f00000| Untracked 
| 416|0x000000009a000000, 0x000000009a000000, 0x000000009a100000|  0%| F|  |TAMS 0x000000009a000000| PB 0x000000009a000000| Untracked 
| 417|0x000000009a100000, 0x000000009a100000, 0x000000009a200000|  0%| F|  |TAMS 0x000000009a100000| PB 0x000000009a100000| Untracked 
| 418|0x000000009a200000, 0x000000009a200000, 0x000000009a300000|  0%| F|  |TAMS 0x000000009a200000| PB 0x000000009a200000| Untracked 
| 419|0x000000009a300000, 0x000000009a300000, 0x000000009a400000|  0%| F|  |TAMS 0x000000009a300000| PB 0x000000009a300000| Untracked 
| 420|0x000000009a400000, 0x000000009a400000, 0x000000009a500000|  0%| F|  |TAMS 0x000000009a400000| PB 0x000000009a400000| Untracked 
| 421|0x000000009a500000, 0x000000009a500000, 0x000000009a600000|  0%| F|  |TAMS 0x000000009a500000| PB 0x000000009a500000| Untracked 
| 422|0x000000009a600000, 0x000000009a600000, 0x000000009a700000|  0%| F|  |TAMS 0x000000009a600000| PB 0x000000009a600000| Untracked 
| 423|0x000000009a700000, 0x000000009a700000, 0x000000009a800000|  0%| F|  |TAMS 0x000000009a700000| PB 0x000000009a700000| Untracked 
| 424|0x000000009a800000, 0x000000009a800000, 0x000000009a900000|  0%| F|  |TAMS 0x000000009a800000| PB 0x000000009a800000| Untracked 
| 425|0x000000009a900000, 0x000000009a900000, 0x000000009aa00000|  0%| F|  |TAMS 0x000000009a900000| PB 0x000000009a900000| Untracked 
| 426|0x000000009aa00000, 0x000000009aa00000, 0x000000009ab00000|  0%| F|  |TAMS 0x000000009aa00000| PB 0x000000009aa00000| Untracked 
| 427|0x000000009ab00000, 0x000000009ab00000, 0x000000009ac00000|  0%| F|  |TAMS 0x000000009ab00000| PB 0x000000009ab00000| Untracked 
| 428|0x000000009ac00000, 0x000000009ac00000, 0x000000009ad00000|  0%| F|  |TAMS 0x000000009ac00000| PB 0x000000009ac00000| Untracked 
| 429|0x000000009ad00000, 0x000000009ad00000, 0x000000009ae00000|  0%| F|  |TAMS 0x000000009ad00000| PB 0x000000009ad00000| Untracked 
| 430|0x000000009ae00000, 0x000000009ae00000, 0x000000009af00000|  0%| F|  |TAMS 0x000000009ae00000| PB 0x000000009ae00000| Untracked 
| 431|0x000000009af00000, 0x000000009af00000, 0x000000009b000000|  0%| F|  |TAMS 0x000000009af00000| PB 0x000000009af00000| Untracked 
| 432|0x000000009b000000, 0x000000009b000000, 0x000000009b100000|  0%| F|  |TAMS 0x000000009b000000| PB 0x000000009b000000| Untracked 
| 433|0x000000009b100000, 0x000000009b100000, 0x000000009b200000|  0%| F|  |TAMS 0x000000009b100000| PB 0x000000009b100000| Untracked 
| 434|0x000000009b200000, 0x000000009b200000, 0x000000009b300000|  0%| F|  |TAMS 0x000000009b200000| PB 0x000000009b200000| Untracked 
| 435|0x000000009b300000, 0x000000009b300000, 0x000000009b400000|  0%| F|  |TAMS 0x000000009b300000| PB 0x000000009b300000| Untracked 
| 436|0x000000009b400000, 0x000000009b400000, 0x000000009b500000|  0%| F|  |TAMS 0x000000009b400000| PB 0x000000009b400000| Untracked 
| 437|0x000000009b500000, 0x000000009b500000, 0x000000009b600000|  0%| F|  |TAMS 0x000000009b500000| PB 0x000000009b500000| Untracked 
| 438|0x000000009b600000, 0x000000009b600000, 0x000000009b700000|  0%| F|  |TAMS 0x000000009b600000| PB 0x000000009b600000| Untracked 
| 439|0x000000009b700000, 0x000000009b700000, 0x000000009b800000|  0%| F|  |TAMS 0x000000009b700000| PB 0x000000009b700000| Untracked 
| 440|0x000000009b800000, 0x000000009b800000, 0x000000009b900000|  0%| F|  |TAMS 0x000000009b800000| PB 0x000000009b800000| Untracked 
| 441|0x000000009b900000, 0x000000009b900000, 0x000000009ba00000|  0%| F|  |TAMS 0x000000009b900000| PB 0x000000009b900000| Untracked 
| 442|0x000000009ba00000, 0x000000009ba00000, 0x000000009bb00000|  0%| F|  |TAMS 0x000000009ba00000| PB 0x000000009ba00000| Untracked 
| 443|0x000000009bb00000, 0x000000009bb00000, 0x000000009bc00000|  0%| F|  |TAMS 0x000000009bb00000| PB 0x000000009bb00000| Untracked 
| 444|0x000000009bc00000, 0x000000009bc00000, 0x000000009bd00000|  0%| F|  |TAMS 0x000000009bc00000| PB 0x000000009bc00000| Untracked 
| 445|0x000000009bd00000, 0x000000009bd00000, 0x000000009be00000|  0%| F|  |TAMS 0x000000009bd00000| PB 0x000000009bd00000| Untracked 
| 446|0x000000009be00000, 0x000000009be00000, 0x000000009bf00000|  0%| F|  |TAMS 0x000000009be00000| PB 0x000000009be00000| Untracked 
| 447|0x000000009bf00000, 0x000000009bf00000, 0x000000009c000000|  0%| F|  |TAMS 0x000000009bf00000| PB 0x000000009bf00000| Untracked 
| 448|0x000000009c000000, 0x000000009c000000, 0x000000009c100000|  0%| F|  |TAMS 0x000000009c000000| PB 0x000000009c000000| Untracked 
| 449|0x000000009c100000, 0x000000009c100000, 0x000000009c200000|  0%| F|  |TAMS 0x000000009c100000| PB 0x000000009c100000| Untracked 
| 450|0x000000009c200000, 0x000000009c200000, 0x000000009c300000|  0%| F|  |TAMS 0x000000009c200000| PB 0x000000009c200000| Untracked 
| 451|0x000000009c300000, 0x000000009c300000, 0x000000009c400000|  0%| F|  |TAMS 0x000000009c300000| PB 0x000000009c300000| Untracked 
| 452|0x000000009c400000, 0x000000009c400000, 0x000000009c500000|  0%| F|  |TAMS 0x000000009c400000| PB 0x000000009c400000| Untracked 
| 453|0x000000009c500000, 0x000000009c500000, 0x000000009c600000|  0%| F|  |TAMS 0x000000009c500000| PB 0x000000009c500000| Untracked 
| 454|0x000000009c600000, 0x000000009c600000, 0x000000009c700000|  0%| F|  |TAMS 0x000000009c600000| PB 0x000000009c600000| Untracked 
| 455|0x000000009c700000, 0x000000009c700000, 0x000000009c800000|  0%| F|  |TAMS 0x000000009c700000| PB 0x000000009c700000| Untracked 
| 456|0x000000009c800000, 0x000000009c800000, 0x000000009c900000|  0%| F|  |TAMS 0x000000009c800000| PB 0x000000009c800000| Untracked 
| 457|0x000000009c900000, 0x000000009c900000, 0x000000009ca00000|  0%| F|  |TAMS 0x000000009c900000| PB 0x000000009c900000| Untracked 
| 458|0x000000009ca00000, 0x000000009ca00000, 0x000000009cb00000|  0%| F|  |TAMS 0x000000009ca00000| PB 0x000000009ca00000| Untracked 
| 459|0x000000009cb00000, 0x000000009cb00000, 0x000000009cc00000|  0%| F|  |TAMS 0x000000009cb00000| PB 0x000000009cb00000| Untracked 
| 460|0x000000009cc00000, 0x000000009cc00000, 0x000000009cd00000|  0%| F|  |TAMS 0x000000009cc00000| PB 0x000000009cc00000| Untracked 
| 461|0x000000009cd00000, 0x000000009cd00000, 0x000000009ce00000|  0%| F|  |TAMS 0x000000009cd00000| PB 0x000000009cd00000| Untracked 
| 462|0x000000009ce00000, 0x000000009ce00000, 0x000000009cf00000|  0%| F|  |TAMS 0x000000009ce00000| PB 0x000000009ce00000| Untracked 
| 463|0x000000009cf00000, 0x000000009cf00000, 0x000000009d000000|  0%| F|  |TAMS 0x000000009cf00000| PB 0x000000009cf00000| Untracked 
| 464|0x000000009d000000, 0x000000009d000000, 0x000000009d100000|  0%| F|  |TAMS 0x000000009d000000| PB 0x000000009d000000| Untracked 
| 465|0x000000009d100000, 0x000000009d100000, 0x000000009d200000|  0%| F|  |TAMS 0x000000009d100000| PB 0x000000009d100000| Untracked 
| 466|0x000000009d200000, 0x000000009d200000, 0x000000009d300000|  0%| F|  |TAMS 0x000000009d200000| PB 0x000000009d200000| Untracked 
| 467|0x000000009d300000, 0x000000009d300000, 0x000000009d400000|  0%| F|  |TAMS 0x000000009d300000| PB 0x000000009d300000| Untracked 
| 468|0x000000009d400000, 0x000000009d400000, 0x000000009d500000|  0%| F|  |TAMS 0x000000009d400000| PB 0x000000009d400000| Untracked 
| 469|0x000000009d500000, 0x000000009d500000, 0x000000009d600000|  0%| F|  |TAMS 0x000000009d500000| PB 0x000000009d500000| Untracked 
| 470|0x000000009d600000, 0x000000009d600000, 0x000000009d700000|  0%| F|  |TAMS 0x000000009d600000| PB 0x000000009d600000| Untracked 
| 471|0x000000009d700000, 0x000000009d700000, 0x000000009d800000|  0%| F|  |TAMS 0x000000009d700000| PB 0x000000009d700000| Untracked 
| 472|0x000000009d800000, 0x000000009d800000, 0x000000009d900000|  0%| F|  |TAMS 0x000000009d800000| PB 0x000000009d800000| Untracked 
| 473|0x000000009d900000, 0x000000009d900000, 0x000000009da00000|  0%| F|  |TAMS 0x000000009d900000| PB 0x000000009d900000| Untracked 
| 474|0x000000009da00000, 0x000000009da00000, 0x000000009db00000|  0%| F|  |TAMS 0x000000009da00000| PB 0x000000009da00000| Untracked 
| 475|0x000000009db00000, 0x000000009db00000, 0x000000009dc00000|  0%| F|  |TAMS 0x000000009db00000| PB 0x000000009db00000| Untracked 
| 476|0x000000009dc00000, 0x000000009dc00000, 0x000000009dd00000|  0%| F|  |TAMS 0x000000009dc00000| PB 0x000000009dc00000| Untracked 
| 477|0x000000009dd00000, 0x000000009dd00000, 0x000000009de00000|  0%| F|  |TAMS 0x000000009dd00000| PB 0x000000009dd00000| Untracked 
| 478|0x000000009de00000, 0x000000009de00000, 0x000000009df00000|  0%| F|  |TAMS 0x000000009de00000| PB 0x000000009de00000| Untracked 
| 479|0x000000009df00000, 0x000000009df00000, 0x000000009e000000|  0%| F|  |TAMS 0x000000009df00000| PB 0x000000009df00000| Untracked 
| 480|0x000000009e000000, 0x000000009e000000, 0x000000009e100000|  0%| F|  |TAMS 0x000000009e000000| PB 0x000000009e000000| Untracked 
| 481|0x000000009e100000, 0x000000009e100000, 0x000000009e200000|  0%| F|  |TAMS 0x000000009e100000| PB 0x000000009e100000| Untracked 
| 482|0x000000009e200000, 0x000000009e200000, 0x000000009e300000|  0%| F|  |TAMS 0x000000009e200000| PB 0x000000009e200000| Untracked 
| 483|0x000000009e300000, 0x000000009e300000, 0x000000009e400000|  0%| F|  |TAMS 0x000000009e300000| PB 0x000000009e300000| Untracked 
| 484|0x000000009e400000, 0x000000009e400000, 0x000000009e500000|  0%| F|  |TAMS 0x000000009e400000| PB 0x000000009e400000| Untracked 
| 485|0x000000009e500000, 0x000000009e500000, 0x000000009e600000|  0%| F|  |TAMS 0x000000009e500000| PB 0x000000009e500000| Untracked 
| 486|0x000000009e600000, 0x000000009e600000, 0x000000009e700000|  0%| F|  |TAMS 0x000000009e600000| PB 0x000000009e600000| Untracked 
| 487|0x000000009e700000, 0x000000009e700000, 0x000000009e800000|  0%| F|  |TAMS 0x000000009e700000| PB 0x000000009e700000| Untracked 
| 488|0x000000009e800000, 0x000000009e800000, 0x000000009e900000|  0%| F|  |TAMS 0x000000009e800000| PB 0x000000009e800000| Untracked 
| 489|0x000000009e900000, 0x000000009e900000, 0x000000009ea00000|  0%| F|  |TAMS 0x000000009e900000| PB 0x000000009e900000| Untracked 
| 490|0x000000009ea00000, 0x000000009ea00000, 0x000000009eb00000|  0%| F|  |TAMS 0x000000009ea00000| PB 0x000000009ea00000| Untracked 
| 491|0x000000009eb00000, 0x000000009eb00000, 0x000000009ec00000|  0%| F|  |TAMS 0x000000009eb00000| PB 0x000000009eb00000| Untracked 
| 492|0x000000009ec00000, 0x000000009ec00000, 0x000000009ed00000|  0%| F|  |TAMS 0x000000009ec00000| PB 0x000000009ec00000| Untracked 
| 493|0x000000009ed00000, 0x000000009ed00000, 0x000000009ee00000|  0%| F|  |TAMS 0x000000009ed00000| PB 0x000000009ed00000| Untracked 
| 494|0x000000009ee00000, 0x000000009ee00000, 0x000000009ef00000|  0%| F|  |TAMS 0x000000009ee00000| PB 0x000000009ee00000| Untracked 
| 495|0x000000009ef00000, 0x000000009ef00000, 0x000000009f000000|  0%| F|  |TAMS 0x000000009ef00000| PB 0x000000009ef00000| Untracked 
| 496|0x000000009f000000, 0x000000009f000000, 0x000000009f100000|  0%| F|  |TAMS 0x000000009f000000| PB 0x000000009f000000| Untracked 
| 497|0x000000009f100000, 0x000000009f100000, 0x000000009f200000|  0%| F|  |TAMS 0x000000009f100000| PB 0x000000009f100000| Untracked 
| 498|0x000000009f200000, 0x000000009f200000, 0x000000009f300000|  0%| F|  |TAMS 0x000000009f200000| PB 0x000000009f200000| Untracked 
| 499|0x000000009f300000, 0x000000009f300000, 0x000000009f400000|  0%| F|  |TAMS 0x000000009f300000| PB 0x000000009f300000| Untracked 
| 500|0x000000009f400000, 0x000000009f400000, 0x000000009f500000|  0%| F|  |TAMS 0x000000009f400000| PB 0x000000009f400000| Untracked 
| 501|0x000000009f500000, 0x000000009f500000, 0x000000009f600000|  0%| F|  |TAMS 0x000000009f500000| PB 0x000000009f500000| Untracked 
| 502|0x000000009f600000, 0x000000009f600000, 0x000000009f700000|  0%| F|  |TAMS 0x000000009f600000| PB 0x000000009f600000| Untracked 
| 503|0x000000009f700000, 0x000000009f700000, 0x000000009f800000|  0%| F|  |TAMS 0x000000009f700000| PB 0x000000009f700000| Untracked 
| 504|0x000000009f800000, 0x000000009f800000, 0x000000009f900000|  0%| F|  |TAMS 0x000000009f800000| PB 0x000000009f800000| Untracked 
| 505|0x000000009f900000, 0x000000009f900000, 0x000000009fa00000|  0%| F|  |TAMS 0x000000009f900000| PB 0x000000009f900000| Untracked 
| 506|0x000000009fa00000, 0x000000009fa00000, 0x000000009fb00000|  0%| F|  |TAMS 0x000000009fa00000| PB 0x000000009fa00000| Untracked 
| 507|0x000000009fb00000, 0x000000009fb00000, 0x000000009fc00000|  0%| F|  |TAMS 0x000000009fb00000| PB 0x000000009fb00000| Untracked 
| 508|0x000000009fc00000, 0x000000009fc00000, 0x000000009fd00000|  0%| F|  |TAMS 0x000000009fc00000| PB 0x000000009fc00000| Untracked 
| 509|0x000000009fd00000, 0x000000009fd00000, 0x000000009fe00000|  0%| F|  |TAMS 0x000000009fd00000| PB 0x000000009fd00000| Untracked 
| 510|0x000000009fe00000, 0x000000009fe00000, 0x000000009ff00000|  0%| F|  |TAMS 0x000000009fe00000| PB 0x000000009fe00000| Untracked 
| 511|0x000000009ff00000, 0x000000009ff00000, 0x00000000a0000000|  0%| F|  |TAMS 0x000000009ff00000| PB 0x000000009ff00000| Untracked 
| 512|0x00000000a0000000, 0x00000000a0000000, 0x00000000a0100000|  0%| F|  |TAMS 0x00000000a0000000| PB 0x00000000a0000000| Untracked 
| 513|0x00000000a0100000, 0x00000000a0100000, 0x00000000a0200000|  0%| F|  |TAMS 0x00000000a0100000| PB 0x00000000a0100000| Untracked 
| 514|0x00000000a0200000, 0x00000000a0200000, 0x00000000a0300000|  0%| F|  |TAMS 0x00000000a0200000| PB 0x00000000a0200000| Untracked 
| 515|0x00000000a0300000, 0x00000000a0300000, 0x00000000a0400000|  0%| F|  |TAMS 0x00000000a0300000| PB 0x00000000a0300000| Untracked 
| 516|0x00000000a0400000, 0x00000000a0400000, 0x00000000a0500000|  0%| F|  |TAMS 0x00000000a0400000| PB 0x00000000a0400000| Untracked 
|1955|0x00000000fa300000, 0x00000000fa300000, 0x00000000fa400000|  0%| F|  |TAMS 0x00000000fa300000| PB 0x00000000fa300000| Untracked 
|1956|0x00000000fa400000, 0x00000000fa400000, 0x00000000fa500000|  0%| F|  |TAMS 0x00000000fa400000| PB 0x00000000fa400000| Untracked 
|1957|0x00000000fa500000, 0x00000000fa500000, 0x00000000fa600000|  0%| F|  |TAMS 0x00000000fa500000| PB 0x00000000fa500000| Untracked 
|1958|0x00000000fa600000, 0x00000000fa600000, 0x00000000fa700000|  0%| F|  |TAMS 0x00000000fa600000| PB 0x00000000fa600000| Untracked 
|1959|0x00000000fa700000, 0x00000000fa700000, 0x00000000fa800000|  0%| F|  |TAMS 0x00000000fa700000| PB 0x00000000fa700000| Untracked 
|1960|0x00000000fa800000, 0x00000000fa800000, 0x00000000fa900000|  0%| F|  |TAMS 0x00000000fa800000| PB 0x00000000fa800000| Untracked 
|1961|0x00000000fa900000, 0x00000000fa900000, 0x00000000faa00000|  0%| F|  |TAMS 0x00000000fa900000| PB 0x00000000fa900000| Untracked 
|1962|0x00000000faa00000, 0x00000000faa00000, 0x00000000fab00000|  0%| F|  |TAMS 0x00000000faa00000| PB 0x00000000faa00000| Untracked 
|1963|0x00000000fab00000, 0x00000000fab00000, 0x00000000fac00000|  0%| F|  |TAMS 0x00000000fab00000| PB 0x00000000fab00000| Untracked 
|1964|0x00000000fac00000, 0x00000000fac00000, 0x00000000fad00000|  0%| F|  |TAMS 0x00000000fac00000| PB 0x00000000fac00000| Untracked 
|1965|0x00000000fad00000, 0x00000000fad00000, 0x00000000fae00000|  0%| F|  |TAMS 0x00000000fad00000| PB 0x00000000fad00000| Untracked 
|1966|0x00000000fae00000, 0x00000000fae00000, 0x00000000faf00000|  0%| F|  |TAMS 0x00000000fae00000| PB 0x00000000fae00000| Untracked 
|1967|0x00000000faf00000, 0x00000000faf00000, 0x00000000fb000000|  0%| F|  |TAMS 0x00000000faf00000| PB 0x00000000faf00000| Untracked 
|1968|0x00000000fb000000, 0x00000000fb000000, 0x00000000fb100000|  0%| F|  |TAMS 0x00000000fb000000| PB 0x00000000fb000000| Untracked 
|1969|0x00000000fb100000, 0x00000000fb100000, 0x00000000fb200000|  0%| F|  |TAMS 0x00000000fb100000| PB 0x00000000fb100000| Untracked 
|1970|0x00000000fb200000, 0x00000000fb200000, 0x00000000fb300000|  0%| F|  |TAMS 0x00000000fb200000| PB 0x00000000fb200000| Untracked 
|1971|0x00000000fb300000, 0x00000000fb300000, 0x00000000fb400000|  0%| F|  |TAMS 0x00000000fb300000| PB 0x00000000fb300000| Untracked 
|1972|0x00000000fb400000, 0x00000000fb400000, 0x00000000fb500000|  0%| F|  |TAMS 0x00000000fb400000| PB 0x00000000fb400000| Untracked 
|1973|0x00000000fb500000, 0x00000000fb500000, 0x00000000fb600000|  0%| F|  |TAMS 0x00000000fb500000| PB 0x00000000fb500000| Untracked 
|1974|0x00000000fb600000, 0x00000000fb600000, 0x00000000fb700000|  0%| F|  |TAMS 0x00000000fb600000| PB 0x00000000fb600000| Untracked 
|1975|0x00000000fb700000, 0x00000000fb700000, 0x00000000fb800000|  0%| F|  |TAMS 0x00000000fb700000| PB 0x00000000fb700000| Untracked 
|1976|0x00000000fb800000, 0x00000000fb800000, 0x00000000fb900000|  0%| F|  |TAMS 0x00000000fb800000| PB 0x00000000fb800000| Untracked 
|1977|0x00000000fb900000, 0x00000000fb900000, 0x00000000fba00000|  0%| F|  |TAMS 0x00000000fb900000| PB 0x00000000fb900000| Untracked 
|1978|0x00000000fba00000, 0x00000000fba00000, 0x00000000fbb00000|  0%| F|  |TAMS 0x00000000fba00000| PB 0x00000000fba00000| Untracked 
|1979|0x00000000fbb00000, 0x00000000fbb00000, 0x00000000fbc00000|  0%| F|  |TAMS 0x00000000fbb00000| PB 0x00000000fbb00000| Untracked 
|1980|0x00000000fbc00000, 0x00000000fbc00000, 0x00000000fbd00000|  0%| F|  |TAMS 0x00000000fbc00000| PB 0x00000000fbc00000| Untracked 
|1981|0x00000000fbd00000, 0x00000000fbd00000, 0x00000000fbe00000|  0%| F|  |TAMS 0x00000000fbd00000| PB 0x00000000fbd00000| Untracked 
|1982|0x00000000fbe00000, 0x00000000fbe00000, 0x00000000fbf00000|  0%| F|  |TAMS 0x00000000fbe00000| PB 0x00000000fbe00000| Untracked 
|1983|0x00000000fbf00000, 0x00000000fbf00000, 0x00000000fc000000|  0%| F|  |TAMS 0x00000000fbf00000| PB 0x00000000fbf00000| Untracked 
|1984|0x00000000fc000000, 0x00000000fc000000, 0x00000000fc100000|  0%| F|  |TAMS 0x00000000fc000000| PB 0x00000000fc000000| Untracked 
|1985|0x00000000fc100000, 0x00000000fc100000, 0x00000000fc200000|  0%| F|  |TAMS 0x00000000fc100000| PB 0x00000000fc100000| Untracked 
|1986|0x00000000fc200000, 0x00000000fc200000, 0x00000000fc300000|  0%| F|  |TAMS 0x00000000fc200000| PB 0x00000000fc200000| Untracked 
|1987|0x00000000fc300000, 0x00000000fc300000, 0x00000000fc400000|  0%| F|  |TAMS 0x00000000fc300000| PB 0x00000000fc300000| Untracked 
|1988|0x00000000fc400000, 0x00000000fc400000, 0x00000000fc500000|  0%| F|  |TAMS 0x00000000fc400000| PB 0x00000000fc400000| Untracked 
|1989|0x00000000fc500000, 0x00000000fc5e95e0, 0x00000000fc600000| 91%| S|CS|TAMS 0x00000000fc500000| PB 0x00000000fc500000| Complete 
|1990|0x00000000fc600000, 0x00000000fc600000, 0x00000000fc700000|  0%| F|  |TAMS 0x00000000fc600000| PB 0x00000000fc600000| Untracked 
|1991|0x00000000fc700000, 0x00000000fc700000, 0x00000000fc800000|  0%| F|  |TAMS 0x00000000fc700000| PB 0x00000000fc700000| Untracked 
|1992|0x00000000fc800000, 0x00000000fc800000, 0x00000000fc900000|  0%| F|  |TAMS 0x00000000fc800000| PB 0x00000000fc800000| Untracked 
|1993|0x00000000fc900000, 0x00000000fc900000, 0x00000000fca00000|  0%| F|  |TAMS 0x00000000fc900000| PB 0x00000000fc900000| Untracked 
|1994|0x00000000fca00000, 0x00000000fca00000, 0x00000000fcb00000|  0%| F|  |TAMS 0x00000000fca00000| PB 0x00000000fca00000| Untracked 
|1995|0x00000000fcb00000, 0x00000000fcb00000, 0x00000000fcc00000|  0%| F|  |TAMS 0x00000000fcb00000| PB 0x00000000fcb00000| Untracked 
|1996|0x00000000fcc00000, 0x00000000fcc00000, 0x00000000fcd00000|  0%| F|  |TAMS 0x00000000fcc00000| PB 0x00000000fcc00000| Untracked 
|1997|0x00000000fcd00000, 0x00000000fcd00000, 0x00000000fce00000|  0%| F|  |TAMS 0x00000000fcd00000| PB 0x00000000fcd00000| Untracked 
|1998|0x00000000fce00000, 0x00000000fce00000, 0x00000000fcf00000|  0%| F|  |TAMS 0x00000000fce00000| PB 0x00000000fce00000| Untracked 
|1999|0x00000000fcf00000, 0x00000000fcf00000, 0x00000000fd000000|  0%| F|  |TAMS 0x00000000fcf00000| PB 0x00000000fcf00000| Untracked 
|2000|0x00000000fd000000, 0x00000000fd000000, 0x00000000fd100000|  0%| F|  |TAMS 0x00000000fd000000| PB 0x00000000fd000000| Untracked 
|2001|0x00000000fd100000, 0x00000000fd100000, 0x00000000fd200000|  0%| F|  |TAMS 0x00000000fd100000| PB 0x00000000fd100000| Untracked 
|2002|0x00000000fd200000, 0x00000000fd200000, 0x00000000fd300000|  0%| F|  |TAMS 0x00000000fd200000| PB 0x00000000fd200000| Untracked 
|2003|0x00000000fd300000, 0x00000000fd300000, 0x00000000fd400000|  0%| F|  |TAMS 0x00000000fd300000| PB 0x00000000fd300000| Untracked 
|2004|0x00000000fd400000, 0x00000000fd400000, 0x00000000fd500000|  0%| F|  |TAMS 0x00000000fd400000| PB 0x00000000fd400000| Untracked 
|2005|0x00000000fd500000, 0x00000000fd500000, 0x00000000fd600000|  0%| F|  |TAMS 0x00000000fd500000| PB 0x00000000fd500000| Untracked 
|2006|0x00000000fd600000, 0x00000000fd600000, 0x00000000fd700000|  0%| F|  |TAMS 0x00000000fd600000| PB 0x00000000fd600000| Untracked 
|2007|0x00000000fd700000, 0x00000000fd700000, 0x00000000fd800000|  0%| F|  |TAMS 0x00000000fd700000| PB 0x00000000fd700000| Untracked 
|2008|0x00000000fd800000, 0x00000000fd800000, 0x00000000fd900000|  0%| F|  |TAMS 0x00000000fd800000| PB 0x00000000fd800000| Untracked 
|2009|0x00000000fd900000, 0x00000000fd900000, 0x00000000fda00000|  0%| F|  |TAMS 0x00000000fd900000| PB 0x00000000fd900000| Untracked 
|2010|0x00000000fda00000, 0x00000000fda00000, 0x00000000fdb00000|  0%| F|  |TAMS 0x00000000fda00000| PB 0x00000000fda00000| Untracked 
|2011|0x00000000fdb00000, 0x00000000fdb00000, 0x00000000fdc00000|  0%| F|  |TAMS 0x00000000fdb00000| PB 0x00000000fdb00000| Untracked 
|2012|0x00000000fdc00000, 0x00000000fdc00000, 0x00000000fdd00000|  0%| F|  |TAMS 0x00000000fdc00000| PB 0x00000000fdc00000| Untracked 
|2013|0x00000000fdd00000, 0x00000000fdd00000, 0x00000000fde00000|  0%| F|  |TAMS 0x00000000fdd00000| PB 0x00000000fdd00000| Untracked 
|2014|0x00000000fde00000, 0x00000000fde00000, 0x00000000fdf00000|  0%| F|  |TAMS 0x00000000fde00000| PB 0x00000000fde00000| Untracked 
|2015|0x00000000fdf00000, 0x00000000fdf00000, 0x00000000fe000000|  0%| F|  |TAMS 0x00000000fdf00000| PB 0x00000000fdf00000| Untracked 
|2016|0x00000000fe000000, 0x00000000fe000000, 0x00000000fe100000|  0%| F|  |TAMS 0x00000000fe000000| PB 0x00000000fe000000| Untracked 
|2017|0x00000000fe100000, 0x00000000fe100000, 0x00000000fe200000|  0%| F|  |TAMS 0x00000000fe100000| PB 0x00000000fe100000| Untracked 
|2018|0x00000000fe200000, 0x00000000fe200000, 0x00000000fe300000|  0%| F|  |TAMS 0x00000000fe200000| PB 0x00000000fe200000| Untracked 
|2019|0x00000000fe300000, 0x00000000fe300000, 0x00000000fe400000|  0%| F|  |TAMS 0x00000000fe300000| PB 0x00000000fe300000| Untracked 
|2020|0x00000000fe400000, 0x00000000fe400000, 0x00000000fe500000|  0%| F|  |TAMS 0x00000000fe400000| PB 0x00000000fe400000| Untracked 
|2021|0x00000000fe500000, 0x00000000fe500000, 0x00000000fe600000|  0%| F|  |TAMS 0x00000000fe500000| PB 0x00000000fe500000| Untracked 
|2022|0x00000000fe600000, 0x00000000fe600000, 0x00000000fe700000|  0%| F|  |TAMS 0x00000000fe600000| PB 0x00000000fe600000| Untracked 
|2023|0x00000000fe700000, 0x00000000fe700000, 0x00000000fe800000|  0%| F|  |TAMS 0x00000000fe700000| PB 0x00000000fe700000| Untracked 
|2024|0x00000000fe800000, 0x00000000fe800000, 0x00000000fe900000|  0%| F|  |TAMS 0x00000000fe800000| PB 0x00000000fe800000| Untracked 
|2025|0x00000000fe900000, 0x00000000fe900000, 0x00000000fea00000|  0%| F|  |TAMS 0x00000000fe900000| PB 0x00000000fe900000| Untracked 
|2026|0x00000000fea00000, 0x00000000fea00000, 0x00000000feb00000|  0%| F|  |TAMS 0x00000000fea00000| PB 0x00000000fea00000| Untracked 
|2027|0x00000000feb00000, 0x00000000feb00000, 0x00000000fec00000|  0%| F|  |TAMS 0x00000000feb00000| PB 0x00000000feb00000| Untracked 
|2028|0x00000000fec00000, 0x00000000fec00000, 0x00000000fed00000|  0%| F|  |TAMS 0x00000000fec00000| PB 0x00000000fec00000| Untracked 
|2029|0x00000000fed00000, 0x00000000fed00000, 0x00000000fee00000|  0%| F|  |TAMS 0x00000000fed00000| PB 0x00000000fed00000| Untracked 
|2030|0x00000000fee00000, 0x00000000fee00000, 0x00000000fef00000|  0%| F|  |TAMS 0x00000000fee00000| PB 0x00000000fee00000| Untracked 
|2031|0x00000000fef00000, 0x00000000fef00000, 0x00000000ff000000|  0%| F|  |TAMS 0x00000000fef00000| PB 0x00000000fef00000| Untracked 
|2032|0x00000000ff000000, 0x00000000ff000000, 0x00000000ff100000|  0%| F|  |TAMS 0x00000000ff000000| PB 0x00000000ff000000| Untracked 
|2033|0x00000000ff100000, 0x00000000ff100000, 0x00000000ff200000|  0%| F|  |TAMS 0x00000000ff100000| PB 0x00000000ff100000| Untracked 
|2034|0x00000000ff200000, 0x00000000ff200000, 0x00000000ff300000|  0%| F|  |TAMS 0x00000000ff200000| PB 0x00000000ff200000| Untracked 
|2035|0x00000000ff300000, 0x00000000ff300000, 0x00000000ff400000|  0%| F|  |TAMS 0x00000000ff300000| PB 0x00000000ff300000| Untracked 
|2036|0x00000000ff400000, 0x00000000ff400000, 0x00000000ff500000|  0%| F|  |TAMS 0x00000000ff400000| PB 0x00000000ff400000| Untracked 
|2037|0x00000000ff500000, 0x00000000ff500000, 0x00000000ff600000|  0%| F|  |TAMS 0x00000000ff500000| PB 0x00000000ff500000| Untracked 
|2038|0x00000000ff600000, 0x00000000ff600000, 0x00000000ff700000|  0%| F|  |TAMS 0x00000000ff600000| PB 0x00000000ff600000| Untracked 
|2039|0x00000000ff700000, 0x00000000ff700000, 0x00000000ff800000|  0%| F|  |TAMS 0x00000000ff700000| PB 0x00000000ff700000| Untracked 
|2040|0x00000000ff800000, 0x00000000ff800000, 0x00000000ff900000|  0%| F|  |TAMS 0x00000000ff800000| PB 0x00000000ff800000| Untracked 
|2041|0x00000000ff900000, 0x00000000ff900000, 0x00000000ffa00000|  0%| F|  |TAMS 0x00000000ff900000| PB 0x00000000ff900000| Untracked 
|2042|0x00000000ffa00000, 0x00000000ffa00000, 0x00000000ffb00000|  0%| F|  |TAMS 0x00000000ffa00000| PB 0x00000000ffa00000| Untracked 
|2043|0x00000000ffb00000, 0x00000000ffb00000, 0x00000000ffc00000|  0%| F|  |TAMS 0x00000000ffb00000| PB 0x00000000ffb00000| Untracked 
|2044|0x00000000ffc00000, 0x00000000ffc00000, 0x00000000ffd00000|  0%| F|  |TAMS 0x00000000ffc00000| PB 0x00000000ffc00000| Untracked 
|2045|0x00000000ffd00000, 0x00000000ffd00000, 0x00000000ffe00000|  0%| F|  |TAMS 0x00000000ffd00000| PB 0x00000000ffd00000| Untracked 
|2046|0x00000000ffe00000, 0x00000000fff00000, 0x00000000fff00000|100%| O|  |TAMS 0x00000000ffe00000| PB 0x00000000ffe00000| Untracked 
|2047|0x00000000fff00000, 0x00000000fff00000, 0x0000000100000000|  0%| F|  |TAMS 0x00000000fff00000| PB 0x00000000fff00000| Untracked 

Card table byte_map: [0x00000274b3c70000,0x00000274b4070000] _byte_map_base: 0x00000274b3870000

Marking Bits: (CMBitMap*) 0x000002749be835c0
 Bits: [0x00000274b4070000, 0x00000274b6070000)

Polling page: 0x0000027499de0000

Metaspace:

Usage:
  Non-class:     81.18 MB used.
      Class:     11.93 MB used.
       Both:     93.12 MB used.

Virtual space:
  Non-class space:      128.00 MB reserved,      82.94 MB ( 65%) committed,  2 nodes.
      Class space:        1.00 GB reserved,      13.69 MB (  1%) committed,  1 nodes.
             Both:        1.12 GB reserved,      96.62 MB (  8%) committed. 

Chunk freelists:
   Non-Class:  13.38 MB
       Class:  3.54 MB
        Both:  16.91 MB

MaxMetaspaceSize: unlimited
CompressedClassSpaceSize: 1.00 GB
Initial GC threshold: 21.00 MB
Current GC threshold: 165.62 MB
CDS: on
 - commit_granule_bytes: 65536.
 - commit_granule_words: 8192.
 - virtual_space_node_default_size: 8388608.
 - enlarge_chunks_in_place: 1.
 - use_allocation_guard: 0.


Internal statistics:

num_allocs_failed_limit: 9.
num_arena_births: 4508.
num_arena_deaths: 2876.
num_vsnodes_births: 3.
num_vsnodes_deaths: 0.
num_space_committed: 1715.
num_space_uncommitted: 87.
num_chunks_returned_to_freelist: 4704.
num_chunks_taken_from_freelist: 10653.
num_chunk_merges: 1456.
num_chunk_splits: 6005.
num_chunks_enlarged: 3718.
num_inconsistent_stats: 0.

CodeHeap 'non-profiled nmethods': size=120000Kb used=14278Kb max_used=15735Kb free=105721Kb
 bounds [0x00000274ac010000, 0x00000274acf70000, 0x00000274b3540000]
CodeHeap 'profiled nmethods': size=120000Kb used=24824Kb max_used=35898Kb free=95175Kb
 bounds [0x00000274a4540000, 0x00000274a6870000, 0x00000274aba70000]
CodeHeap 'non-nmethods': size=5760Kb used=2749Kb max_used=2832Kb free=3010Kb
 bounds [0x00000274aba70000, 0x00000274abd40000, 0x00000274ac010000]
CodeCache: size=245760Kb, used=41851Kb, max_used=54465Kb, free=203906Kb
 total_blobs=13505, nmethods=12508, adapters=900, full_count=0
Compilation: enabled, stopped_count=0, restarted_count=0

Compilation events (20 events):
Event: 5042.952 Thread 0x00000274b8ae4950 27863       1       lombok.javac.HandlerLibrary$VisitorContainer::access$0 (5 bytes)
Event: 5042.952 Thread 0x00000274b8ae4950 nmethod 27863 0x00000274ac123390 code [0x00000274ac123520, 0x00000274ac1235d0]
Event: 5042.953 Thread 0x00000274b8ae4950 27864       3       java.lang.invoke.LambdaForm$MH/0x00000274bada5000::invoke (42 bytes)
Event: 5042.955 Thread 0x00000274b8ae4950 nmethod 27864 0x00000274a5020f90 code [0x00000274a5021220, 0x00000274a5021f48]
Event: 5042.997 Thread 0x00000274b8ae4950 27865       2       lombok.javac.handlers.HandleFieldDefaults::visitType (414 bytes)
Event: 5043.000 Thread 0x00000274b8ae4950 nmethod 27865 0x00000274a4f46090 code [0x00000274a4f46440, 0x00000274a4f474c8]
Event: 5043.000 Thread 0x00000274b8ae4950 27867   !   2       lombok.javac.HandlerLibrary::callASTVisitors (88 bytes)
Event: 5043.001 Thread 0x00000274b8ae4950 nmethod 27867 0x00000274a4713290 code [0x00000274a4713500, 0x00000274a4713d28]
Event: 5043.001 Thread 0x00000274b8ae4950 27866       2       lombok.javac.JavacTransformer$AnnotationVisitor::<init> (15 bytes)
Event: 5043.001 Thread 0x00000274b8ae4950 nmethod 27866 0x00000274a49bf490 code [0x00000274a49bf620, 0x00000274a49bf778]
Event: 5043.001 Thread 0x00000274b8ae4950 27868       2       lombok.javac.JavacAST::getAbsoluteFileLocation (35 bytes)
Event: 5043.001 Thread 0x00000274b8ae4950 nmethod 27868 0x00000274a498cc90 code [0x00000274a498ce40, 0x00000274a498d058]
Event: 5043.130 Thread 0x00000274b8ae4950 27869       2       java.lang.invoke.LambdaForm$MH/0x00000274ba311000::invoke (42 bytes)
Event: 5043.131 Thread 0x00000274b8ae4950 nmethod 27869 0x00000274a49e3f90 code [0x00000274a49e4160, 0x00000274a49e43a0]
Event: 5043.150 Thread 0x00000274b8ae4950 27870       3       lombok.core.TypeLibrary::toQualifieds (81 bytes)
Event: 5043.151 Thread 0x00000274b8ae4950 nmethod 27870 0x00000274a488e510 code [0x00000274a488e7e0, 0x00000274a488f848]
Event: 5043.151 Thread 0x00000274b8ae4950 27871   !   3       lombok.javac.HandlerLibrary::handleAnnotation (238 bytes)
Event: 5043.153 Thread 0x00000274b8ae4950 nmethod 27871 0x00000274a648fd10 code [0x00000274a6490200, 0x00000274a6492cb8]
Event: 5043.159 Thread 0x00000274b8ae4950 27872       3       lombok.core.configuration.BubblingConfigurationResolver::resolve (432 bytes)
Event: 5043.171 Thread 0x00000274b8ae4950 nmethod 27872 0x00000274a52f5990 code [0x00000274a52f5f40, 0x00000274a52f9060]

GC Heap History (20 events):
Event: 3063.026 GC heap after
{Heap after GC invocations=98 (full 0):
 garbage-first heap   total 624640K, used 258274K [0x0000000080000000, 0x0000000100000000)
  region size 1024K, 19 young (19456K), 19 survivors (19456K)
 Metaspace       used 98000K, committed 100224K, reserved 1179648K
  class space    used 12614K, committed 14080K, reserved 1048576K
}
Event: 5027.088 GC heap before
{Heap before GC invocations=98 (full 0):
 garbage-first heap   total 624640K, used 533730K [0x0000000080000000, 0x0000000100000000)
  region size 1024K, 289 young (295936K), 19 survivors (19456K)
 Metaspace       used 98220K, committed 100288K, reserved 1179648K
  class space    used 12618K, committed 14080K, reserved 1048576K
}
Event: 5029.191 GC heap after
{Heap after GC invocations=99 (full 0):
 garbage-first heap   total 624640K, used 266868K [0x0000000080000000, 0x0000000100000000)
  region size 1024K, 30 young (30720K), 30 survivors (30720K)
 Metaspace       used 98220K, committed 100288K, reserved 1179648K
  class space    used 12618K, committed 14080K, reserved 1048576K
}
Event: 5029.207 GC heap before
{Heap before GC invocations=99 (full 0):
 garbage-first heap   total 624640K, used 267892K [0x0000000080000000, 0x0000000100000000)
  region size 1024K, 31 young (31744K), 30 survivors (30720K)
 Metaspace       used 98220K, committed 100288K, reserved 1179648K
  class space    used 12618K, committed 14080K, reserved 1048576K
}
Event: 5029.483 GC heap after
{Heap after GC invocations=100 (full 0):
 garbage-first heap   total 624640K, used 265957K [0x0000000080000000, 0x0000000100000000)
  region size 1024K, 3 young (3072K), 3 survivors (3072K)
 Metaspace       used 98220K, committed 100288K, reserved 1179648K
  class space    used 12618K, committed 14080K, reserved 1048576K
}
Event: 5031.936 GC heap before
{Heap before GC invocations=100 (full 0):
 garbage-first heap   total 624640K, used 292581K [0x0000000080000000, 0x0000000100000000)
  region size 1024K, 30 young (30720K), 3 survivors (3072K)
 Metaspace       used 98256K, committed 100352K, reserved 1179648K
  class space    used 12620K, committed 14080K, reserved 1048576K
}
Event: 5031.981 GC heap after
{Heap after GC invocations=101 (full 0):
 garbage-first heap   total 624640K, used 266212K [0x0000000080000000, 0x0000000100000000)
  region size 1024K, 3 young (3072K), 3 survivors (3072K)
 Metaspace       used 98256K, committed 100352K, reserved 1179648K
  class space    used 12620K, committed 14080K, reserved 1048576K
}
Event: 5034.350 GC heap before
{Heap before GC invocations=101 (full 0):
 garbage-first heap   total 624640K, used 301028K [0x0000000080000000, 0x0000000100000000)
  region size 1024K, 30 young (30720K), 3 survivors (3072K)
 Metaspace       used 98784K, committed 100800K, reserved 1179648K
  class space    used 12685K, committed 14080K, reserved 1048576K
}
Event: 5034.403 GC heap after
{Heap after GC invocations=102 (full 0):
 garbage-first heap   total 624640K, used 273378K [0x0000000080000000, 0x0000000100000000)
  region size 1024K, 4 young (4096K), 4 survivors (4096K)
 Metaspace       used 98784K, committed 100800K, reserved 1179648K
  class space    used 12685K, committed 14080K, reserved 1048576K
}
Event: 5034.760 GC heap before
{Heap before GC invocations=102 (full 0):
 garbage-first heap   total 624640K, used 300002K [0x0000000080000000, 0x0000000100000000)
  region size 1024K, 30 young (30720K), 4 survivors (4096K)
 Metaspace       used 98784K, committed 100800K, reserved 1179648K
  class space    used 12685K, committed 14080K, reserved 1048576K
}
Event: 5034.836 GC heap after
{Heap after GC invocations=103 (full 0):
 garbage-first heap   total 624640K, used 278297K [0x0000000080000000, 0x0000000100000000)
  region size 1024K, 4 young (4096K), 4 survivors (4096K)
 Metaspace       used 98784K, committed 100800K, reserved 1179648K
  class space    used 12685K, committed 14080K, reserved 1048576K
}
Event: 5035.087 GC heap before
{Heap before GC invocations=103 (full 0):
 garbage-first heap   total 624640K, used 303897K [0x0000000080000000, 0x0000000100000000)
  region size 1024K, 30 young (30720K), 4 survivors (4096K)
 Metaspace       used 98784K, committed 100800K, reserved 1179648K
  class space    used 12685K, committed 14080K, reserved 1048576K
}
Event: 5035.152 GC heap after
{Heap after GC invocations=104 (full 0):
 garbage-first heap   total 624640K, used 283947K [0x0000000080000000, 0x0000000100000000)
  region size 1024K, 4 young (4096K), 4 survivors (4096K)
 Metaspace       used 98784K, committed 100800K, reserved 1179648K
  class space    used 12685K, committed 14080K, reserved 1048576K
}
Event: 5035.644 GC heap before
{Heap before GC invocations=104 (full 0):
 garbage-first heap   total 624640K, used 301355K [0x0000000080000000, 0x0000000100000000)
  region size 1024K, 22 young (22528K), 4 survivors (4096K)
 Metaspace       used 98791K, committed 100800K, reserved 1179648K
  class space    used 12685K, committed 14080K, reserved 1048576K
}
Event: 5035.679 GC heap after
{Heap after GC invocations=105 (full 0):
 garbage-first heap   total 624640K, used 290155K [0x0000000080000000, 0x0000000100000000)
  region size 1024K, 11 young (11264K), 11 survivors (11264K)
 Metaspace       used 98791K, committed 100800K, reserved 1179648K
  class space    used 12685K, committed 14080K, reserved 1048576K
}
Event: 5042.347 GC heap before
{Heap before GC invocations=106 (full 0):
 garbage-first heap   total 624640K, used 439659K [0x0000000080000000, 0x0000000100000000)
  region size 1024K, 241 young (246784K), 11 survivors (11264K)
 Metaspace       used 95289K, committed 98944K, reserved 1179648K
  class space    used 12213K, committed 14016K, reserved 1048576K
}
Event: 5042.455 GC heap after
{Heap after GC invocations=107 (full 0):
 garbage-first heap   total 624640K, used 240777K [0x0000000080000000, 0x0000000100000000)
  region size 1024K, 31 young (31744K), 31 survivors (31744K)
 Metaspace       used 95289K, committed 98944K, reserved 1179648K
  class space    used 12213K, committed 14016K, reserved 1048576K
}
Event: 5042.463 GC heap before
{Heap before GC invocations=107 (full 0):
 garbage-first heap   total 624640K, used 241801K [0x0000000080000000, 0x0000000100000000)
  region size 1024K, 32 young (32768K), 31 survivors (31744K)
 Metaspace       used 95289K, committed 98944K, reserved 1179648K
  class space    used 12213K, committed 14016K, reserved 1048576K
}
Event: 5042.588 GC heap after
{Heap after GC invocations=108 (full 0):
 garbage-first heap   total 624640K, used 236905K [0x0000000080000000, 0x0000000100000000)
  region size 1024K, 4 young (4096K), 4 survivors (4096K)
 Metaspace       used 95289K, committed 98944K, reserved 1179648K
  class space    used 12213K, committed 14016K, reserved 1048576K
}
Event: 5043.210 GC heap before
{Heap before GC invocations=108 (full 0):
 garbage-first heap   total 624640K, used 291177K [0x0000000080000000, 0x0000000100000000)
  region size 1024K, 57 young (58368K), 4 survivors (4096K)
 Metaspace       used 95352K, committed 98944K, reserved 1179648K
  class space    used 12219K, committed 14016K, reserved 1048576K
}

Dll operation events (15 events):
Event: 0.078 Loaded shared library C:\Users\markm\AppData\Local\Java\jdk21\bin\java.dll
Event: 0.221 Loaded shared library C:\Users\markm\AppData\Local\Java\jdk21\bin\jsvml.dll
Event: 0.264 Loaded shared library C:\Users\markm\AppData\Local\Java\jdk21\bin\zip.dll
Event: 0.269 Loaded shared library C:\Users\markm\AppData\Local\Java\jdk21\bin\instrument.dll
Event: 0.275 Loaded shared library C:\Users\markm\AppData\Local\Java\jdk21\bin\net.dll
Event: 0.278 Loaded shared library C:\Users\markm\AppData\Local\Java\jdk21\bin\nio.dll
Event: 0.281 Loaded shared library C:\Users\markm\AppData\Local\Java\jdk21\bin\zip.dll
Event: 0.647 Loaded shared library C:\Users\markm\AppData\Local\Java\jdk21\bin\jimage.dll
Event: 0.789 Loaded shared library C:\Users\markm\AppData\Local\Java\jdk21\bin\verify.dll
Event: 0.892 Loaded shared library C:\Users\markm\.gradle\native\1def1411415f61bf3af743bc5b6707747c0891f09f0c88961ee8f79bc544acac\windows-amd64\native-platform.dll
Event: 0.920 Loaded shared library C:\Users\markm\.gradle\native\0.2.7\x86_64-windows-gnu\gradle-fileevents.dll
Event: 2.678 Loaded shared library C:\Users\markm\AppData\Local\Java\jdk21\bin\management.dll
Event: 2.682 Loaded shared library C:\Users\markm\AppData\Local\Java\jdk21\bin\management_ext.dll
Event: 2.899 Loaded shared library C:\Users\markm\AppData\Local\Java\jdk21\bin\extnet.dll
Event: 3.382 Loaded shared library C:\Users\markm\AppData\Local\Java\jdk21\bin\sunmscapi.dll

Deoptimization events (20 events):
Event: 5040.627 Thread 0x0000027483116e10 DEOPT PACKING pc=0x00000274a46cf18d sp=0x000000ff58df4070
Event: 5040.627 Thread 0x0000027483116e10 DEOPT UNPACKING pc=0x00000274abac4bc2 sp=0x000000ff58df3520 mode 0
Event: 5040.683 Thread 0x0000027483116e10 DEOPT PACKING pc=0x00000274a46cf18d sp=0x000000ff58df4070
Event: 5040.683 Thread 0x0000027483116e10 DEOPT UNPACKING pc=0x00000274abac4bc2 sp=0x000000ff58df3520 mode 0
Event: 5041.021 Thread 0x0000027483116e10 DEOPT PACKING pc=0x00000274a5aed8e6 sp=0x000000ff58df8140
Event: 5041.022 Thread 0x0000027483116e10 DEOPT UNPACKING pc=0x00000274abac4bc2 sp=0x000000ff58df75e8 mode 0
Event: 5041.065 Thread 0x0000027483116e10 Uncommon trap: trap_request=0xffffff54 fr.pc=0x00000274ac208d3c relative=0x000000000000009c
Event: 5041.066 Thread 0x0000027483116e10 Uncommon trap: reason=speculate_null_assert action=make_not_entrant pc=0x00000274ac208d3c method=java.lang.invoke.LambdaFormEditor.getInCache(Ljava/lang/invoke/LambdaFormEditor$TransformKey;)Ljava/lang/invoke/LambdaForm; @ 37 c2
Event: 5041.066 Thread 0x0000027483116e10 DEOPT PACKING pc=0x00000274ac208d3c sp=0x000000ff58df7770
Event: 5041.066 Thread 0x0000027483116e10 DEOPT UNPACKING pc=0x00000274abac4422 sp=0x000000ff58df76d0 mode 2
Event: 5041.473 Thread 0x0000027483116e10 Uncommon trap: trap_request=0xffffff45 fr.pc=0x00000274ac20c4c8 relative=0x0000000000000648
Event: 5041.473 Thread 0x0000027483116e10 Uncommon trap: reason=unstable_if action=reinterpret pc=0x00000274ac20c4c8 method=java.lang.ref.SoftReference.get()Ljava/lang/Object; @ 6 c2
Event: 5041.473 Thread 0x0000027483116e10 DEOPT PACKING pc=0x00000274ac20c4c8 sp=0x000000ff58df8200
Event: 5041.473 Thread 0x0000027483116e10 DEOPT UNPACKING pc=0x00000274abac4422 sp=0x000000ff58df80e0 mode 2
Event: 5041.592 Thread 0x0000027483116e10 Uncommon trap: trap_request=0xfffffff4 fr.pc=0x00000274ac787ae0 relative=0x0000000000001e80
Event: 5041.592 Thread 0x0000027483116e10 Uncommon trap: reason=null_check action=make_not_entrant pc=0x00000274ac787ae0 method=java.lang.Class.reflectionData()Ljava/lang/Class$ReflectionData; @ 18 c2
Event: 5041.592 Thread 0x0000027483116e10 DEOPT PACKING pc=0x00000274ac787ae0 sp=0x000000ff58df83f0
Event: 5041.592 Thread 0x0000027483116e10 DEOPT UNPACKING pc=0x00000274abac4422 sp=0x000000ff58df82f0 mode 2
Event: 5043.171 Thread 0x0000027483116e10 DEOPT PACKING pc=0x00000274a5a3cc53 sp=0x000000ff58df83a0
Event: 5043.171 Thread 0x0000027483116e10 DEOPT UNPACKING pc=0x00000274abac4bc2 sp=0x000000ff58df78c0 mode 0

Classes loaded (20 events):
Event: 3031.012 Loading class java/util/stream/LongPipeline
Event: 3031.015 Loading class java/util/stream/LongPipeline done
Event: 3031.015 Loading class java/util/stream/LongPipeline$StatelessOp done
Event: 3031.015 Loading class java/util/stream/ReferencePipeline$5 done
Event: 3031.015 Loading class java/util/stream/FindOps$FindSink$OfLong
Event: 3031.015 Loading class java/util/stream/Sink$OfLong
Event: 3031.017 Loading class java/util/stream/Sink$OfLong done
Event: 3031.017 Loading class java/util/stream/FindOps$FindSink$OfLong done
Event: 3031.022 Loading class java/util/stream/ReferencePipeline$5$1
Event: 3031.022 Loading class java/util/stream/ReferencePipeline$5$1 done
Event: 3031.034 Loading class java/util/concurrent/CompletableFuture$MinimalStage
Event: 3031.035 Loading class java/util/concurrent/CompletableFuture$MinimalStage done
Event: 3036.418 Loading class sun/net/ConnectionResetException
Event: 3036.421 Loading class sun/net/ConnectionResetException done
Event: 3036.424 Loading class java/util/concurrent/CompletionException
Event: 3036.427 Loading class java/util/concurrent/CompletionException done
Event: 3044.493 Loading class jdk/internal/module/IllegalAccessLogger
Event: 3044.493 Loading class jdk/internal/module/IllegalAccessLogger done
Event: 5039.975 Loading class jdk/internal/module/IllegalAccessLogger
Event: 5039.976 Loading class jdk/internal/module/IllegalAccessLogger done

Classes unloaded (20 events):
Event: 5036.090 Thread 0x00000274b8ab1bb0 Unloading class 0x00000274ba33bc00 'java/lang/invoke/LambdaForm$MH+0x00000274ba33bc00'
Event: 5036.090 Thread 0x00000274b8ab1bb0 Unloading class 0x00000274ba33b800 'java/lang/invoke/LambdaForm$MH+0x00000274ba33b800'
Event: 5036.090 Thread 0x00000274b8ab1bb0 Unloading class 0x00000274ba336c00 'java/lang/invoke/LambdaForm$MH+0x00000274ba336c00'
Event: 5036.090 Thread 0x00000274b8ab1bb0 Unloading class 0x00000274ba336800 'java/lang/invoke/LambdaForm$MH+0x00000274ba336800'
Event: 5036.090 Thread 0x00000274b8ab1bb0 Unloading class 0x00000274ba335400 'java/lang/invoke/LambdaForm$MH+0x00000274ba335400'
Event: 5036.090 Thread 0x00000274b8ab1bb0 Unloading class 0x00000274ba335000 'java/lang/invoke/LambdaForm$MH+0x00000274ba335000'
Event: 5036.090 Thread 0x00000274b8ab1bb0 Unloading class 0x00000274ba311000 'java/lang/invoke/LambdaForm$MH+0x00000274ba311000'
Event: 5036.090 Thread 0x00000274b8ab1bb0 Unloading class 0x00000274ba310c00 'java/lang/invoke/LambdaForm$MH+0x00000274ba310c00'
Event: 5036.090 Thread 0x00000274b8ab1bb0 Unloading class 0x00000274ba310800 'java/lang/invoke/LambdaForm$MH+0x00000274ba310800'
Event: 5036.090 Thread 0x00000274b8ab1bb0 Unloading class 0x00000274ba310400 'java/lang/invoke/LambdaForm$MH+0x00000274ba310400'
Event: 5036.090 Thread 0x00000274b8ab1bb0 Unloading class 0x00000274ba310000 'java/lang/invoke/LambdaForm$MH+0x00000274ba310000'
Event: 5036.090 Thread 0x00000274b8ab1bb0 Unloading class 0x00000274ba2cb800 'java/lang/invoke/LambdaForm$MH+0x00000274ba2cb800'
Event: 5036.090 Thread 0x00000274b8ab1bb0 Unloading class 0x00000274ba2cb400 'java/lang/invoke/LambdaForm$MH+0x00000274ba2cb400'
Event: 5036.090 Thread 0x00000274b8ab1bb0 Unloading class 0x00000274ba2c9000 'java/lang/invoke/LambdaForm$MH+0x00000274ba2c9000'
Event: 5036.090 Thread 0x00000274b8ab1bb0 Unloading class 0x00000274ba2c8c00 'java/lang/invoke/LambdaForm$MH+0x00000274ba2c8c00'
Event: 5036.090 Thread 0x00000274b8ab1bb0 Unloading class 0x00000274ba2bd000 'java/lang/invoke/LambdaForm$MH+0x00000274ba2bd000'
Event: 5036.090 Thread 0x00000274b8ab1bb0 Unloading class 0x00000274ba2bcc00 'java/lang/invoke/LambdaForm$MH+0x00000274ba2bcc00'
Event: 5036.090 Thread 0x00000274b8ab1bb0 Unloading class 0x00000274ba274000 'java/lang/invoke/LambdaForm$MH+0x00000274ba274000'
Event: 5036.090 Thread 0x00000274b8ab1bb0 Unloading class 0x00000274ba035800 'java/lang/invoke/LambdaForm$MH+0x00000274ba035800'
Event: 5036.090 Thread 0x00000274b8ab1bb0 Unloading class 0x00000274ba01c400 'java/lang/invoke/LambdaForm$MH+0x00000274ba01c400'

Classes redefined (0 events):
No events

Internal exceptions (20 events):
Event: 3062.195 Thread 0x0000027483e2ea90 Exception <a 'sun/nio/fs/WindowsException'{0x00000000997c97d0}> (0x00000000997c97d0) 
thrown [s\src\hotspot\share\prims\jni.cpp, line 520]
Event: 3062.213 Thread 0x0000027483e2ea90 Exception <a 'sun/nio/fs/WindowsException'{0x0000000099626e40}> (0x0000000099626e40) 
thrown [s\src\hotspot\share\prims\jni.cpp, line 520]
Event: 3062.214 Thread 0x0000027483e2ea90 Exception <a 'sun/nio/fs/WindowsException'{0x0000000099628268}> (0x0000000099628268) 
thrown [s\src\hotspot\share\prims\jni.cpp, line 520]
Event: 3062.214 Thread 0x0000027483e2ea90 Exception <a 'sun/nio/fs/WindowsException'{0x0000000099628a78}> (0x0000000099628a78) 
thrown [s\src\hotspot\share\prims\jni.cpp, line 520]
Event: 3062.228 Thread 0x0000027483e2ea90 Exception <a 'sun/nio/fs/WindowsException'{0x0000000099520d28}> (0x0000000099520d28) 
thrown [s\src\hotspot\share\prims\jni.cpp, line 520]
Event: 3062.229 Thread 0x0000027483e2ea90 Exception <a 'sun/nio/fs/WindowsException'{0x0000000099522148}> (0x0000000099522148) 
thrown [s\src\hotspot\share\prims\jni.cpp, line 520]
Event: 3062.229 Thread 0x0000027483e2ea90 Exception <a 'sun/nio/fs/WindowsException'{0x0000000099522920}> (0x0000000099522920) 
thrown [s\src\hotspot\share\prims\jni.cpp, line 520]
Event: 3066.261 Thread 0x00000274842ad4c0 Exception <a 'sun/nio/fs/WindowsException'{0x000000009dfecd20}> (0x000000009dfecd20) 
thrown [s\src\hotspot\share\prims\jni.cpp, line 520]
Event: 4591.286 Thread 0x00000274ff665380 Implicit null exception at 0x00000274ac622418 to 0x00000274ac624844
Event: 5015.850 Thread 0x00000274839287e0 Exception <a 'sun/nio/fs/WindowsException'{0x000000009a103c18}> (0x000000009a103c18) 
thrown [s\src\hotspot\share\prims\jni.cpp, line 520]
Event: 5015.864 Thread 0x00000274839287e0 Exception <a 'sun/nio/fs/WindowsException'{0x000000009a1050d0}> (0x000000009a1050d0) 
thrown [s\src\hotspot\share\prims\jni.cpp, line 520]
Event: 5015.869 Thread 0x00000274839287e0 Exception <a 'sun/nio/fs/WindowsException'{0x000000009a106578}> (0x000000009a106578) 
thrown [s\src\hotspot\share\prims\jni.cpp, line 520]
Event: 5015.876 Thread 0x00000274839287e0 Exception <a 'sun/nio/fs/WindowsException'{0x000000009a107a00}> (0x000000009a107a00) 
thrown [s\src\hotspot\share\prims\jni.cpp, line 520]
Event: 5018.372 Thread 0x00000274839287e0 Implicit null exception at 0x00000274acd957da to 0x00000274acd9582c
Event: 5021.086 Thread 0x00000274839287e0 Exception <a 'sun/nio/fs/WindowsException'{0x0000000098f74a80}> (0x0000000098f74a80) 
thrown [s\src\hotspot\share\prims\jni.cpp, line 520]
Event: 5035.174 Thread 0x0000027483116e10 Exception <a 'sun/nio/fs/WindowsException'{0x00000000ffd4e810}> (0x00000000ffd4e810) 
thrown [s\src\hotspot\share\prims\jni.cpp, line 520]
Event: 5040.028 Thread 0x0000027483116e10 Implicit null exception at 0x00000274acb4ee75 to 0x00000274acb54b64
Event: 5040.090 Thread 0x0000027483116e10 Implicit null exception at 0x00000274ac665e27 to 0x00000274ac6667f0
Event: 5041.473 Thread 0x0000027483116e10 Implicit null exception at 0x00000274ac20c042 to 0x00000274ac20c4b0
Event: 5041.592 Thread 0x0000027483116e10 Implicit null exception at 0x00000274ac785f1a to 0x00000274ac787ac0

ZGC Phase Switch (0 events):
No events

VM Operations (20 events):
Event: 5034.836 Executing VM operation: G1CollectForAllocation (G1 Evacuation Pause) done
Event: 5035.087 Executing VM operation: G1CollectForAllocation (G1 Evacuation Pause)
Event: 5035.152 Executing VM operation: G1CollectForAllocation (G1 Evacuation Pause) done
Event: 5035.644 Executing VM operation: G1TryInitiateConcMark (G1 Humongous Allocation)
Event: 5035.679 Executing VM operation: G1TryInitiateConcMark (G1 Humongous Allocation) done
Event: 5036.018 Executing VM operation: G1PauseRemark
Event: 5036.433 Executing VM operation: G1PauseRemark done
Event: 5036.643 Executing VM operation: G1PauseCleanup
Event: 5036.645 Executing VM operation: G1PauseCleanup done
Event: 5037.645 Executing VM operation: Cleanup
Event: 5037.645 Executing VM operation: Cleanup done
Event: 5038.646 Executing VM operation: Cleanup
Event: 5038.650 Executing VM operation: Cleanup done
Event: 5040.651 Executing VM operation: Cleanup
Event: 5040.651 Executing VM operation: Cleanup done
Event: 5042.347 Executing VM operation: G1CollectForAllocation (G1 Evacuation Pause)
Event: 5042.455 Executing VM operation: G1CollectForAllocation (G1 Evacuation Pause) done
Event: 5042.463 Executing VM operation: G1CollectForAllocation (G1 Evacuation Pause)
Event: 5042.588 Executing VM operation: G1CollectForAllocation (G1 Evacuation Pause) done
Event: 5043.210 Executing VM operation: G1CollectForAllocation (G1 Evacuation Pause)

Memory protections (0 events):
No events

Nmethod flushes (20 events):
Event: 5036.378 Thread 0x00000274b8ab1bb0 flushing  nmethod 0x00000274a62a2d10
Event: 5036.378 Thread 0x00000274b8ab1bb0 flushing  nmethod 0x00000274a62ae790
Event: 5036.378 Thread 0x00000274b8ab1bb0 flushing  nmethod 0x00000274a62d9c10
Event: 5036.378 Thread 0x00000274b8ab1bb0 flushing  nmethod 0x00000274a62db690
Event: 5036.378 Thread 0x00000274b8ab1bb0 flushing  nmethod 0x00000274a62de510
Event: 5036.378 Thread 0x00000274b8ab1bb0 flushing  nmethod 0x00000274a62deb90
Event: 5036.378 Thread 0x00000274b8ab1bb0 flushing  nmethod 0x00000274a62f3090
Event: 5036.378 Thread 0x00000274b8ab1bb0 flushing  nmethod 0x00000274a62f3410
Event: 5036.378 Thread 0x00000274b8ab1bb0 flushing  nmethod 0x00000274a634a110
Event: 5036.378 Thread 0x00000274b8ab1bb0 flushing  nmethod 0x00000274a634d990
Event: 5036.378 Thread 0x00000274b8ab1bb0 flushing  nmethod 0x00000274a63c4c10
Event: 5036.378 Thread 0x00000274b8ab1bb0 flushing  nmethod 0x00000274a63c5510
Event: 5036.378 Thread 0x00000274b8ab1bb0 flushing  nmethod 0x00000274a645a090
Event: 5036.378 Thread 0x00000274b8ab1bb0 flushing  nmethod 0x00000274a645b910
Event: 5036.378 Thread 0x00000274b8ab1bb0 flushing  nmethod 0x00000274a645cc90
Event: 5036.378 Thread 0x00000274b8ab1bb0 flushing  nmethod 0x00000274a645e810
Event: 5036.378 Thread 0x00000274b8ab1bb0 flushing  nmethod 0x00000274a65cf490
Event: 5036.378 Thread 0x00000274b8ab1bb0 flushing  nmethod 0x00000274a65d2510
Event: 5036.378 Thread 0x00000274b8ab1bb0 flushing  nmethod 0x00000274a67c5710
Event: 5036.378 Thread 0x00000274b8ab1bb0 flushing  nmethod 0x00000274a67c6510

Events (20 events):
Event: 5025.704 Thread 0x0000027483116e10 Thread added: 0x000002748980c170
Event: 5026.083 Thread 0x000002748902c520 Thread exited: 0x000002748902c520
Event: 5027.062 Thread 0x0000027483116e10 Thread added: 0x000002748980c800
Event: 5027.064 Thread 0x0000027483116e10 Thread added: 0x00000274b8b5e320
Event: 5027.070 Thread 0x0000027483116e10 Thread added: 0x00000274b8b5dc90
Event: 5027.074 Thread 0x0000027483116e10 Thread added: 0x00000274b8b5cf70
Event: 5027.074 Thread 0x0000027483116e10 Thread added: 0x00000274b8b5fd60
Event: 5027.074 Thread 0x0000027483116e10 Thread added: 0x00000274b8b5d600
Event: 5027.075 Thread 0x0000027483116e10 Thread added: 0x00000274b8b603f0
Event: 5029.724 Thread 0x00000274b8ae4950 Thread added: 0x00000274837782f0
Event: 5029.897 Thread 0x0000027483116e10 Thread added: 0x00000274831146b0
Event: 5029.901 Thread 0x0000027483116e10 Thread added: 0x0000027483115a60
Event: 5029.901 Thread 0x0000027483116e10 Thread added: 0x00000274831160f0
Event: 5029.901 Thread 0x0000027483116e10 Thread added: 0x0000027483114d40
Event: 5029.903 Thread 0x0000027483116e10 Thread added: 0x00000274831153d0
Event: 5029.906 Thread 0x0000027483116e10 Thread added: 0x0000027483113990
Event: 5029.906 Thread 0x0000027483116e10 Thread added: 0x0000027483116780
Event: 5030.253 Thread 0x0000027483116e10 Thread added: 0x0000027483e2e400
Event: 5030.253 Thread 0x0000027483116e10 Thread added: 0x0000027483e2ea90
Event: 5030.665 Thread 0x00000274837782f0 Thread exited: 0x00000274837782f0


Dynamic libraries:
0x00007ff7135e0000 - 0x00007ff7135ee000 	C:\Users\markm\AppData\Local\Java\jdk21\bin\java.exe
0x00007ff8d1750000 - 0x00007ff8d1968000 	C:\WINDOWS\SYSTEM32\ntdll.dll
0x00007ff8d0760000 - 0x00007ff8d0824000 	C:\WINDOWS\System32\KERNEL32.DLL
0x00007ff8cea00000 - 0x00007ff8cedd3000 	C:\WINDOWS\System32\KERNELBASE.dll
0x00007ff8cede0000 - 0x00007ff8ceef1000 	C:\WINDOWS\System32\ucrtbase.dll
0x00007ff89ce50000 - 0x00007ff89ce68000 	C:\Users\markm\AppData\Local\Java\jdk21\bin\jli.dll
0x00007ff8d13c0000 - 0x00007ff8d1572000 	C:\WINDOWS\System32\USER32.dll
0x00007ff8cf070000 - 0x00007ff8cf096000 	C:\WINDOWS\System32\win32u.dll
0x00007ff8cfcc0000 - 0x00007ff8cfce9000 	C:\WINDOWS\System32\GDI32.dll
0x00007ff8cf2d0000 - 0x00007ff8cf3eb000 	C:\WINDOWS\System32\gdi32full.dll
0x00007ff8ce960000 - 0x00007ff8ce9fa000 	C:\WINDOWS\System32\msvcp_win.dll
0x00007ff89aa70000 - 0x00007ff89aa8e000 	C:\Users\markm\AppData\Local\Java\jdk21\bin\VCRUNTIME140.dll
0x00007ff8b91c0000 - 0x00007ff8b945c000 	C:\WINDOWS\WinSxS\amd64_microsoft.windows.common-controls_6595b64144ccf1df_6.0.22621.6060_none_2712eda17382d24b\COMCTL32.dll
0x00007ff8d1310000 - 0x00007ff8d13b7000 	C:\WINDOWS\System32\msvcrt.dll
0x00007ff8d1030000 - 0x00007ff8d1061000 	C:\WINDOWS\System32\IMM32.DLL
0x00007ff8b6b40000 - 0x00007ff8b6b4c000 	C:\Users\markm\AppData\Local\Java\jdk21\bin\vcruntime140_1.dll
0x00007ff83e230000 - 0x00007ff83e2bd000 	C:\Users\markm\AppData\Local\Java\jdk21\bin\msvcp140.dll
0x00007ff810030000 - 0x00007ff810dd0000 	C:\Users\markm\AppData\Local\Java\jdk21\bin\server\jvm.dll
0x00007ff8cfc00000 - 0x00007ff8cfcb1000 	C:\WINDOWS\System32\ADVAPI32.dll
0x00007ff8d0dd0000 - 0x00007ff8d0e78000 	C:\WINDOWS\System32\sechost.dll
0x00007ff8cf2a0000 - 0x00007ff8cf2c8000 	C:\WINDOWS\System32\bcrypt.dll
0x00007ff8d0cb0000 - 0x00007ff8d0dc8000 	C:\WINDOWS\System32\RPCRT4.dll
0x00007ff8d0ea0000 - 0x00007ff8d0f11000 	C:\WINDOWS\System32\WS2_32.dll
0x00007ff8ce730000 - 0x00007ff8ce77d000 	C:\WINDOWS\SYSTEM32\POWRPROF.dll
0x00007ff8c7be0000 - 0x00007ff8c7c14000 	C:\WINDOWS\SYSTEM32\WINMM.dll
0x00007ff8c5e60000 - 0x00007ff8c5e6a000 	C:\WINDOWS\SYSTEM32\VERSION.dll
0x00007ff8ce710000 - 0x00007ff8ce723000 	C:\WINDOWS\SYSTEM32\UMPDC.dll
0x00007ff8cd7e0000 - 0x00007ff8cd7f8000 	C:\WINDOWS\SYSTEM32\kernel.appcore.dll
0x00007ff8b17f0000 - 0x00007ff8b17fa000 	C:\Users\markm\AppData\Local\Java\jdk21\bin\jimage.dll
0x00007ff8c59e0000 - 0x00007ff8c5c13000 	C:\WINDOWS\SYSTEM32\DBGHELP.DLL
0x00007ff8cf700000 - 0x00007ff8cfa91000 	C:\WINDOWS\System32\combase.dll
0x00007ff8d1630000 - 0x00007ff8d1708000 	C:\WINDOWS\System32\OLEAUT32.dll
0x00007ff8b1300000 - 0x00007ff8b1332000 	C:\WINDOWS\SYSTEM32\dbgcore.DLL
0x00007ff8ce8e0000 - 0x00007ff8ce95b000 	C:\WINDOWS\System32\bcryptPrimitives.dll
0x00007ff896fb0000 - 0x00007ff896fbf000 	C:\Users\markm\AppData\Local\Java\jdk21\bin\instrument.dll
0x00007ff896eb0000 - 0x00007ff896ed0000 	C:\Users\markm\AppData\Local\Java\jdk21\bin\java.dll
0x00007ff8cfcf0000 - 0x00007ff8d058c000 	C:\WINDOWS\System32\SHELL32.dll
0x00007ff8cf160000 - 0x00007ff8cf29f000 	C:\WINDOWS\System32\wintypes.dll
0x00007ff8cc760000 - 0x00007ff8cd07a000 	C:\WINDOWS\SYSTEM32\windows.storage.dll
0x00007ff8cf5f0000 - 0x00007ff8cf6f4000 	C:\WINDOWS\System32\SHCORE.dll
0x00007ff8d10c0000 - 0x00007ff8d1129000 	C:\WINDOWS\System32\shlwapi.dll
0x00007ff8ce790000 - 0x00007ff8ce7b5000 	C:\WINDOWS\SYSTEM32\profapi.dll
0x00007ff83cdc0000 - 0x00007ff83ce97000 	C:\Users\markm\AppData\Local\Java\jdk21\bin\jsvml.dll
0x00007ff896b40000 - 0x00007ff896b58000 	C:\Users\markm\AppData\Local\Java\jdk21\bin\zip.dll
0x00007ff8a94b0000 - 0x00007ff8a94c0000 	C:\Users\markm\AppData\Local\Java\jdk21\bin\net.dll
0x00007ff8c7c20000 - 0x00007ff8c7d4c000 	C:\WINDOWS\SYSTEM32\WINHTTP.dll
0x00007ff8cdd20000 - 0x00007ff8cdd89000 	C:\WINDOWS\system32\mswsock.dll
0x00007ff896c90000 - 0x00007ff896ca6000 	C:\Users\markm\AppData\Local\Java\jdk21\bin\nio.dll
0x00007ff8a1650000 - 0x00007ff8a1660000 	C:\Users\markm\AppData\Local\Java\jdk21\bin\verify.dll
0x00007ff896b10000 - 0x00007ff896b37000 	C:\Users\markm\.gradle\native\1def1411415f61bf3af743bc5b6707747c0891f09f0c88961ee8f79bc544acac\windows-amd64\native-platform.dll
0x00007ff8514b0000 - 0x00007ff851528000 	C:\Users\markm\.gradle\native\0.2.7\x86_64-windows-gnu\gradle-fileevents.dll
0x00007ff8a0c10000 - 0x00007ff8a0c1a000 	C:\Users\markm\AppData\Local\Java\jdk21\bin\management.dll
0x00007ff89e7d0000 - 0x00007ff89e7dc000 	C:\Users\markm\AppData\Local\Java\jdk21\bin\management_ext.dll
0x00007ff8d1130000 - 0x00007ff8d1138000 	C:\WINDOWS\System32\PSAPI.DLL
0x00007ff8cd2e0000 - 0x00007ff8cd30d000 	C:\WINDOWS\SYSTEM32\IPHLPAPI.DLL
0x00007ff8d1140000 - 0x00007ff8d1149000 	C:\WINDOWS\System32\NSI.dll
0x00007ff89aa60000 - 0x00007ff89aa69000 	C:\Users\markm\AppData\Local\Java\jdk21\bin\extnet.dll
0x00007ff8cdf70000 - 0x00007ff8cdf8b000 	C:\WINDOWS\SYSTEM32\CRYPTSP.dll
0x00007ff8cd7a0000 - 0x00007ff8cd7d7000 	C:\WINDOWS\system32\rsaenh.dll
0x00007ff8cde10000 - 0x00007ff8cde38000 	C:\WINDOWS\SYSTEM32\USERENV.dll
0x00007ff8cdf90000 - 0x00007ff8cdf9c000 	C:\WINDOWS\SYSTEM32\CRYPTBASE.dll
0x00007ff896c80000 - 0x00007ff896c8e000 	C:\Users\markm\AppData\Local\Java\jdk21\bin\sunmscapi.dll
0x00007ff8cef00000 - 0x00007ff8cf068000 	C:\WINDOWS\System32\CRYPT32.dll
0x00007ff8ce130000 - 0x00007ff8ce15e000 	C:\WINDOWS\SYSTEM32\ncrypt.dll
0x00007ff8ce0f0000 - 0x00007ff8ce127000 	C:\WINDOWS\SYSTEM32\NTASN1.dll
0x00007ff864d60000 - 0x00007ff864d68000 	C:\WINDOWS\system32\wshunix.dll
0x00007ff8cd3a0000 - 0x00007ff8cd498000 	C:\WINDOWS\SYSTEM32\DNSAPI.dll
0x00007ff8c5ed0000 - 0x00007ff8c5eda000 	C:\Windows\System32\rasadhlp.dll
0x00007ff8c60b0000 - 0x00007ff8c6134000 	C:\WINDOWS\System32\fwpuclnt.dll

JVMTI agents:
C:\Users\markm\.gradle\wrapper\dists\gradle-8.14.1-bin\baw1sv0jfoi8rxs14qo3h49cs\gradle-8.14.1\lib\agents\gradle-instrumentation-agent-8.14.1.jar path:C:\Users\markm\AppData\Local\Java\jdk21\bin\instrument.dll, loaded, initialized, instrumentlib options:none

dbghelp: loaded successfully - version: 4.0.5 - missing functions: none
symbol engine: initialized successfully - sym options: 0x614 - pdb path: .;C:\Users\markm\AppData\Local\Java\jdk21\bin;C:\WINDOWS\SYSTEM32;C:\WINDOWS\WinSxS\amd64_microsoft.windows.common-controls_6595b64144ccf1df_6.0.22621.6060_none_2712eda17382d24b;C:\Users\markm\AppData\Local\Java\jdk21\bin\server;C:\Users\markm\.gradle\native\1def1411415f61bf3af743bc5b6707747c0891f09f0c88961ee8f79bc544acac\windows-amd64;C:\Users\markm\.gradle\native\0.2.7\x86_64-windows-gnu

VM Arguments:
jvm_args: --add-opens=java.base/java.lang=ALL-UNNAMED --add-opens=java.base/java.lang.invoke=ALL-UNNAMED --add-opens=java.base/java.util=ALL-UNNAMED --add-opens=java.prefs/java.util.prefs=ALL-UNNAMED --add-exports=jdk.compiler/com.sun.tools.javac.api=ALL-UNNAMED --add-exports=jdk.compiler/com.sun.tools.javac.util=ALL-UNNAMED --add-opens=java.base/java.util=ALL-UNNAMED --add-opens=java.prefs/java.util.prefs=ALL-UNNAMED --add-opens=java.base/java.nio.charset=ALL-UNNAMED --add-opens=java.base/java.net=ALL-UNNAMED --add-opens=java.base/java.util.concurrent.atomic=ALL-UNNAMED --add-opens=java.xml/javax.xml.namespace=ALL-UNNAMED -Xmx2G -Dfile.encoding=UTF-8 -Duser.country=RU -Duser.language=ru -Duser.variant -javaagent:C:\Users\markm\.gradle\wrapper\dists\gradle-8.14.1-bin\baw1sv0jfoi8rxs14qo3h49cs\gradle-8.14.1\lib\agents\gradle-instrumentation-agent-8.14.1.jar 
java_command: org.gradle.launcher.daemon.bootstrap.GradleDaemon 8.14.1
java_class_path (initial): C:\Users\markm\.gradle\wrapper\dists\gradle-8.14.1-bin\baw1sv0jfoi8rxs14qo3h49cs\gradle-8.14.1\lib\gradle-daemon-main-8.14.1.jar
Launcher Type: SUN_STANDARD

[Global flags]
     intx CICompilerCount                          = 4                                         {product} {ergonomic}
     uint ConcGCThreads                            = 2                                         {product} {ergonomic}
     uint G1ConcRefinementThreads                  = 8                                         {product} {ergonomic}
   size_t G1HeapRegionSize                         = 1048576                                   {product} {ergonomic}
    uintx GCDrainStackTargetSize                   = 64                                        {product} {ergonomic}
   size_t InitialHeapSize                          = 167772160                                 {product} {ergonomic}
   size_t MarkStackSize                            = 4194304                                   {product} {ergonomic}
   size_t MaxHeapSize                              = 2147483648                                {product} {command line}
   size_t MaxNewSize                               = 1287651328                                {product} {ergonomic}
   size_t MinHeapDeltaBytes                        = 1048576                                   {product} {ergonomic}
   size_t MinHeapSize                              = 8388608                                   {product} {ergonomic}
    uintx NonNMethodCodeHeapSize                   = 5839372                                {pd product} {ergonomic}
    uintx NonProfiledCodeHeapSize                  = 122909434                              {pd product} {ergonomic}
    uintx ProfiledCodeHeapSize                     = 122909434                              {pd product} {ergonomic}
    uintx ReservedCodeCacheSize                    = 251658240                              {pd product} {ergonomic}
     bool SegmentedCodeCache                       = true                                      {product} {ergonomic}
   size_t SoftMaxHeapSize                          = 2147483648                             {manageable} {ergonomic}
     bool UseCompressedOops                        = true                           {product lp64_product} {ergonomic}
     bool UseG1GC                                  = true                                      {product} {ergonomic}
     bool UseLargePagesIndividualAllocation        = false                                  {pd product} {ergonomic}

Logging:
Log output configuration:
 #0: stdout all=warning uptime,level,tags foldmultilines=false
 #1: stderr all=off uptime,level,tags foldmultilines=false

Release file:
IMPLEMENTOR="Eclipse Adoptium" 
IMPLEMENTOR_VERSION="Temurin-21.0.9+10" 
JAVA_RUNTIME_VERSION="21.0.9+10-LTS" 
JAVA_VERSION="21.0.9" 
JAVA_VERSION_DATE="2025-10-21" 
LIBC="default" 
MODULES="java.base java.compiler java.datatransfer java.xml java.prefs java.desktop java.instrument java.logging java.management java.security.sasl java.naming java.rmi java.management.rmi java.net.http java.scripting java.security.jgss java.transaction.xa java.sql java.sql.rowset java.xml.crypto java.se java.smartcardio jdk.accessibility jdk.internal.jvmstat jdk.attach jdk.charsets jdk.internal.opt jdk.zipfs jdk.compiler jdk.crypto.ec jdk.crypto.cryptoki jdk.crypto.mscapi jdk.dynalink jdk.internal.ed jdk.editpad jdk.hotspot.agent jdk.httpserver jdk.incubator.vector jdk.internal.le jdk.internal.vm.ci jdk.internal.vm.compiler jdk.internal.vm.compiler.management jdk.jartool jdk.javadoc jdk.jcmd jdk.management jdk.management.agent jdk.jconsole jdk.jdeps jdk.jdwp.agent jdk.jdi jdk.jfr jdk.jlink jdk.jpackage jdk.jshell jdk.jsobject jdk.jstatd jdk.localedata jdk.management.jfr jdk.naming.dns jdk.naming.rmi jdk.net jdk.nio.mapmode jdk.random jdk.sctp jdk.security.auth jdk.security.jgss jdk.unsupported jdk.unsupported.desktop jdk.xml.dom" 
OS_ARCH="x86_64" 
OS_NAME="Windows" 
SOURCE=".:git:759062135b07" 
BUILD_SOURCE="git:839fa0b45d809157cffd3dc8515aad262a4a1776"
BUILD_SOURCE_REPO="https://github.com/adoptium/temurin-build.git"
SOURCE_REPO="https://github.com/adoptium/jdk21u.git"
FULL_VERSION="21.0.9+10-LTS"
SEMANTIC_VERSION="21.0.9+10"
BUILD_INFO="OS: Windows Server 2022 Version: 10.0"
JVM_VARIANT="Hotspot"
JVM_VERSION="21.0.9+10-LTS"
IMAGE_TYPE="JDK"

Environment Variables:
JAVA_HOME=C:\Users\markm\AppData\Local\Java\jdk21
PATH=C:\Program Files\Eclipse Adoptium\jdk-21.0.10.7-hotspot\bin;C:\Python314\Scripts\;C:\Python314\;C:\Program Files\Common Files\Oracle\Java\javapath;C:\Program Files (x86)\Common Files\Oracle\Java\javapath;C:\WINDOWS\system32;C:\WINDOWS;C:\WINDOWS\System32\Wbem;C:\WINDOWS\System32\WindowsPowerShell\v1.0\;C:\WINDOWS\System32\OpenSSH\;C:\Program Files\Git\cmd;C:\Program Files\dotnet\;C:\Program Files\nodejs\;C:\ProgramData\chocolatey\bin;C:\Program Files\RuDesktop\;C:\Program Files\Void\bin;C:\Program Files\playit_gg\bin\;C:\Users\markm\AppData\Local\Java\jdk21\bin;c:\Users\markm\AppData\Local\Programs\cursor\resources\app\codeBin;C:\Users\markm\AppData\Local\Microsoft\WindowsApps;C:\Users\markm\AppData\Local\Programs\cursor\resources\app\bin;C:\Users\markm\AppData\Local\Programs\Microsoft VS Code\bin;C:\Users\markm\AppData\Roaming\npm;C:\Users\markm\AppData\Local\Programs\Kiro\bin;C:\Users\markm\AppData\Local\Programs\Windsurf\bin;C:\Users\markm\.dotnet\tools;C:\Users\markm\AppData\Local\Programs\Devin\bin
USERNAME=markm
OS=Windows_NT
PROCESSOR_IDENTIFIER=Intel64 Family 6 Model 60 Stepping 3, GenuineIntel
TMP=C:\Users\markm\AppData\Local\Temp
TEMP=C:\Users\markm\AppData\Local\Temp




Periodic native trim disabled

---------------  S Y S T E M  ---------------

OS:
 Windows 11 , 64 bit Build 22621 (10.0.22621.5415)
OS uptime: 2 days 21:20 hours

CPU: total 8 (initial active 8) (4 cores per cpu, 2 threads per core) family 6 model 60 stepping 3 microcode 0x28, cx8, cmov, fxsr, ht, mmx, sse, sse2, sse3, ssse3, sse4.1, sse4.2, popcnt, lzcnt, tsc, tscinvbit, avx, avx2, aes, erms, clmul, bmi1, bmi2, fma, vzeroupper, clflush, rdtscp, f16c
Processor Information for the first 8 processors :
  Max Mhz: 2501, Current Mhz: 2501, Mhz Limit: 2501

Memory: 4k page, system-wide physical 10172M (235M free)
TotalPageFile size 28494M (AvailPageFile size 308M)
current process WorkingSet (physical memory assigned to process): 740M, peak: 840M
current process commit charge ("private bytes"): 977M, peak: 1554M

vm_info: OpenJDK 64-Bit Server VM (21.0.9+10-LTS) for windows-amd64 JRE (21.0.9+10-LTS), built on 2025-10-21T00:00:00Z by "admin" with unknown MS VC++:1942

END.
